City_ID,City,Country,Date,Lat,Lng,Max Temp,Humidity,Cloudiness,Wind Speed
0,Cocorit,MX,2022-07-15 17:12:21,27.5833,-109.9667,89.94,47,4,2.53
1,Ushuaia,AR,2022-07-15 17:08:06,-54.8,-68.3,37.06,52,20,8.05
2,Puerto Ayora,EC,2022-07-15 17:12:21,-0.7393,-90.3518,76.96,93,97,8.99
3,Vaini,TO,2022-07-15 17:12:22,-21.2,-175.2,75.36,94,20,6.91
4,Texarkana,US,2022-07-15 17:12:22,33.4251,-94.0477,94.14,48,0,10.0
5,San Carlos De Bariloche,AR,2022-07-15 17:10:11,-41.1456,-71.3082,37.44,54,75,13.8
6,Phan Thiet,VN,2022-07-15 17:09:54,10.9333,108.1,77.81,92,89,7.4
7,Butaritari,KI,2022-07-15 17:12:23,3.0707,172.7902,81.25,82,99,18.23
8,Taltal,CL,2022-07-15 17:12:24,-25.4,-70.4833,57.72,66,0,5.7
9,Tuktoyaktuk,CA,2022-07-15 17:12:24,69.4541,-133.0374,39.74,73,55,9.66
10,Sault Sainte Marie,CA,2022-07-15 17:07:55,46.5168,-84.3333,72.16,49,0,4.61
11,Ouadda,CF,2022-07-15 17:12:25,8.0777,22.4007,69.94,95,88,3.58
12,Launceston,AU,2022-07-15 17:12:26,-41.45,147.1667,41.14,94,75,5.75
13,Nelson Bay,AU,2022-07-15 17:12:26,-32.7167,152.15,48.0,95,12,5.99
14,Port Alfred,ZA,2022-07-15 17:12:27,-33.5906,26.891,57.18,88,9,12.57
15,Cermik,TR,2022-07-15 17:12:27,38.1361,39.4493,92.77,18,0,5.55
16,Tonder,DK,2022-07-15 17:12:28,54.9331,8.8667,61.21,74,100,1.99
17,San Buenaventura,MX,2022-07-15 17:12:28,27.0833,-101.5333,89.47,42,34,10.33
18,Guerrero Negro,MX,2022-07-15 17:12:29,27.9769,-114.0611,73.35,65,35,11.88
19,Mataura,NZ,2022-07-15 17:12:29,-46.1927,168.8643,35.47,98,68,4.25
20,Olafsvik,IS,2022-07-15 17:12:30,64.8945,-23.7142,52.21,77,100,14.25
21,Rikitea,PF,2022-07-15 17:12:31,-23.1203,-134.9692,68.56,70,100,3.47
22,Busselton,AU,2022-07-15 17:12:31,-33.65,115.3333,58.44,71,91,0.83
23,Yellowknife,CA,2022-07-15 17:08:17,62.456,-114.3525,57.56,76,44,5.99
24,Shimoda,JP,2022-07-15 17:12:32,34.6667,138.95,74.1,93,68,4.29
25,Aberdeen,GB,2022-07-15 17:11:59,57.1437,-2.0981,62.55,63,40,18.41
26,Iskateley,RU,2022-07-15 17:12:32,67.6803,53.1512,74.95,66,81,7.38
27,Sola,VU,2022-07-15 17:12:33,-13.8833,167.55,79.41,77,31,16.71
28,Mezen,RU,2022-07-15 17:12:33,65.8522,44.24,67.41,80,100,5.06
29,Pangnirtung,CA,2022-07-15 17:12:34,66.1451,-65.7125,60.94,42,68,2.86
30,Bredasdorp,ZA,2022-07-15 17:12:34,-34.5322,20.0403,52.47,94,92,5.79
31,Hobart,AU,2022-07-15 17:12:35,-42.8794,147.3294,46.26,85,75,9.22
32,Kushiro,JP,2022-07-15 17:12:35,42.975,144.3747,60.12,93,99,6.22
33,Cobourg,DE,2022-07-15 17:12:36,50.2667,10.9667,72.75,44,94,4.0
34,Mizan Teferi,ET,2022-07-15 17:12:36,6.9833,35.5833,61.41,98,87,1.54
35,Batemans Bay,AU,2022-07-15 17:12:37,-35.7167,150.1833,49.1,78,73,4.32
36,Soubre,CI,2022-07-15 17:12:37,5.7856,-6.6083,78.76,79,81,5.23
37,Cape Town,ZA,2022-07-15 17:12:38,-33.9258,18.4232,62.38,80,100,7.0
38,Yamoto,JP,2022-07-15 17:12:38,38.4274,141.2149,71.67,98,100,17.58
39,Barrow,US,2022-07-15 17:12:39,71.2906,-156.7887,35.62,80,100,11.5
40,East London,ZA,2022-07-15 17:12:39,-33.0153,27.9116,62.78,70,2,12.57
41,Kadi,IN,2022-07-15 17:12:40,23.3,72.3333,80.46,79,100,9.78
42,Hilo,US,2022-07-15 17:12:40,19.7297,-155.09,73.26,92,100,8.05
43,Avarua,CK,2022-07-15 17:12:40,-21.2078,-159.775,73.45,64,100,13.8
44,Lantawan,PH,2022-07-15 17:12:41,10.6167,123.9833,78.49,79,69,2.51
45,Albany,US,2022-07-15 17:08:54,42.6001,-73.9662,82.42,41,0,3.58
46,Saint Anthony,US,2022-07-15 17:13:42,45.0205,-93.218,84.18,68,75,9.22
47,Oxford,GB,2022-07-15 17:09:13,51.7522,-1.256,77.36,49,20,11.5
48,Icod De Los Vinos,ES,2022-07-15 17:13:43,28.3724,-16.7119,78.33,61,8,8.48
49,Touros,BR,2022-07-15 17:13:24,-5.1989,-35.4608,79.14,82,63,14.97
50,Mar Del Plata,AR,2022-07-15 17:10:07,-38.0023,-57.5575,53.1,92,100,8.99
51,Saint-Philippe,RE,2022-07-15 17:13:43,-21.3585,55.7679,69.39,84,61,14.32
52,Katherine,AU,2022-07-15 17:13:44,-14.4667,132.2667,57.52,77,52,4.61
53,Saint-Augustin,CA,2022-07-15 17:11:08,51.226,-58.6502,69.51,46,100,15.17
54,Hermanus,ZA,2022-07-15 17:13:45,-34.4187,19.2345,55.8,80,100,9.57
55,Talaya,RU,2022-07-15 17:13:45,61.3833,152.75,62.24,62,83,5.32
56,Shieli,KZ,2022-07-15 17:13:46,44.1667,66.75,85.39,14,0,10.2
57,Lavrentiya,RU,2022-07-15 17:13:46,65.5833,-171.0,43.61,71,86,9.62
58,Qaanaaq,GL,2022-07-15 17:13:46,77.484,-69.3632,50.59,57,100,10.07
59,Nchelenge,ZM,2022-07-15 17:13:47,-9.3451,28.734,72.23,54,31,4.21
60,Hasaki,JP,2022-07-15 17:11:19,35.7333,140.8333,73.8,96,76,4.47
61,Tura,IN,2022-07-15 17:13:47,25.5198,90.2201,78.8,87,6,2.75
62,Malartic,CA,2022-07-15 17:13:48,48.1335,-78.1328,76.01,42,48,6.13
63,Roura,GF,2022-07-15 17:13:48,4.7263,-52.3274,77.97,94,75,4.61
64,Baker City,US,2022-07-15 17:13:49,44.7749,-117.8344,78.6,29,0,9.22
65,Port Elizabeth,ZA,2022-07-15 17:13:35,-33.918,25.5701,60.31,90,24,4.0
66,Mahajanga,MG,2022-07-15 17:13:49,-15.7167,46.3167,73.36,69,8,11.16
67,Nikolskoye,RU,2022-07-15 17:13:50,59.7035,30.7861,65.91,64,90,6.64
68,Novopetrovskoye,RU,2022-07-15 17:13:50,55.9928,36.4719,61.41,67,99,6.73
69,Tautira,PF,2022-07-15 17:13:51,-17.7333,-149.15,75.7,67,61,18.28
70,Tezu,IN,2022-07-15 17:13:51,27.9167,96.1667,79.93,89,1,4.61
71,Plettenberg Bay,ZA,2022-07-15 17:09:37,-34.0527,23.3716,57.74,88,61,6.55
72,Kapaa,US,2022-07-15 17:13:52,22.0752,-159.319,79.12,88,40,13.8
73,Meulaboh,ID,2022-07-15 17:13:52,4.1363,96.1285,78.15,87,81,3.56
74,Lebu,CL,2022-07-15 17:13:53,-37.6167,-73.65,47.1,76,99,15.1
75,Esperance,AU,2022-07-15 17:11:08,-33.8667,121.9,55.24,78,39,16.33
76,Bambous Virieux,MU,2022-07-15 17:13:53,-20.3428,57.7575,68.25,94,75,5.75
77,Kirovskiy,RU,2022-07-15 17:13:54,45.0917,133.5136,60.58,95,96,4.41
78,Abu Samrah,SY,2022-07-15 17:13:55,35.3029,37.1841,85.59,31,0,13.98
79,Airai,TL,2022-07-15 17:13:55,-8.9266,125.4092,53.19,87,77,3.09
80,Taber,CA,2022-07-15 17:13:56,49.8167,-112.1518,83.55,23,0,6.96
81,Mehran,IR,2022-07-15 17:13:56,33.1222,46.1646,103.46,12,0,10.8
82,Jamestown,US,2022-07-15 17:12:19,42.097,-79.2353,79.05,40,40,5.01
83,Yulara,AU,2022-07-15 17:13:57,-25.2406,130.9889,48.74,24,0,5.79
84,Victoria,HK,2022-07-15 17:10:39,22.2855,114.1577,87.85,81,99,8.99
85,Punta Arenas,CL,2022-07-15 17:13:57,-53.15,-70.9167,33.82,86,0,6.91
86,Guisguis,PH,2022-07-15 17:13:58,13.8714,121.5192,82.06,86,30,3.02
87,Tignere,CM,2022-07-15 17:13:58,7.3667,12.65,66.6,95,100,0.96
88,Pevek,RU,2022-07-15 17:13:59,69.7008,170.3133,35.69,74,100,4.43
89,Kodiak,US,2022-07-15 17:13:59,57.79,-152.4072,56.71,88,0,0.0
90,Pozo Colorado,PY,2022-07-15 17:15:00,-23.4923,-58.7972,93.25,34,100,15.52
91,Mahebourg,MU,2022-07-15 17:15:00,-20.4081,57.7,68.29,94,75,5.75
92,New Norfolk,AU,2022-07-15 17:15:01,-42.7826,147.0587,45.91,81,84,3.18
93,Kisangani,CD,2022-07-15 17:15:01,0.5167,25.2,78.42,72,99,1.16
94,Siilinjarvi,FI,2022-07-15 17:15:01,63.0833,27.6667,59.02,88,20,2.3
95,Lorengau,PG,2022-07-15 17:15:02,-2.0226,147.2712,80.98,80,98,14.03
96,Cahul,MD,2022-07-15 17:15:02,45.9075,28.1944,85.77,29,72,3.18
97,Pilar,BR,2022-07-15 17:15:03,-9.5972,-35.9567,80.53,72,17,8.52
98,Chokurdakh,RU,2022-07-15 17:15:03,70.6333,147.9167,52.88,92,59,10.67
99,Beloha,MG,2022-07-15 17:07:21,-25.1667,45.05,65.37,83,0,10.83
100,Arraial Do Cabo,BR,2022-07-15 17:15:04,-22.9661,-42.0278,82.36,61,0,18.41
101,San Jeronimo,PE,2022-07-15 17:15:04,-11.9472,-75.2829,62.04,40,51,3.87
102,Thessalon,CA,2022-07-15 17:15:05,46.2501,-83.5666,70.09,63,100,4.29
103,Castro,BR,2022-07-15 17:15:05,-24.7911,-50.0119,72.5,49,98,11.68
104,Georgetown,MY,2022-07-15 17:10:52,5.4112,100.3354,82.89,80,20,0.0
105,Akdepe,TM,2022-07-15 17:15:06,42.0551,59.3788,89.69,18,0,15.23
106,Santarem,BR,2022-07-15 17:11:24,-2.4431,-54.7083,84.33,84,40,9.22
107,Debre Birhan,ET,2022-07-15 17:15:07,9.6833,39.5333,55.22,77,97,3.53
108,Severo-Kurilsk,RU,2022-07-15 17:15:07,50.6789,156.125,53.4,96,47,10.51
109,Arlit,NE,2022-07-15 17:11:05,18.7369,7.3853,106.43,7,0,15.55
110,Awjilah,LY,2022-07-15 17:15:08,29.1081,21.2869,89.98,17,0,10.56
111,Komsomolskiy,UZ,2022-07-15 17:15:08,40.4272,71.7189,83.12,30,0,6.91
112,Fayaoue,NC,2022-07-15 17:15:09,-20.65,166.5333,71.92,63,58,19.66
113,La Asuncion,VE,2022-07-15 17:15:09,11.0333,-63.8628,78.53,100,57,6.91
114,Malkangiri,IN,2022-07-15 17:15:09,18.35,81.9,75.29,96,100,2.91
115,Dalnegorsk,RU,2022-07-15 17:15:10,44.5604,135.5701,59.13,98,100,7.96
116,Tres Arroyos,AR,2022-07-15 17:15:10,-38.3739,-60.2798,52.5,78,100,15.46
117,Isla Mujeres,MX,2022-07-15 17:15:11,21.2311,-86.731,89.65,68,100,7.65
118,Quthing,LS,2022-07-15 17:15:11,-30.4,27.7003,50.31,41,0,0.87
119,Gidam,IN,2022-07-15 17:15:12,18.9833,81.4,74.7,95,100,4.23
120,Shelburne,CA,2022-07-15 17:15:12,44.0787,-80.2041,75.31,44,21,5.68
121,Kutum,SD,2022-07-15 17:15:13,14.2,24.6667,74.7,67,72,8.97
122,Puteyets,RU,2022-07-15 17:15:13,65.1716,57.091,73.54,66,53,5.48
123,Cruzeiro Do Sul,BR,2022-07-15 17:15:13,-29.5128,-51.9853,67.51,91,100,3.13
124,Gat,IL,2022-07-15 17:15:14,31.61,34.7642,82.81,100,0,9.26
125,Ampanihy,MG,2022-07-15 17:15:14,-24.7,44.75,65.01,68,0,10.33
126,Yanam,IN,2022-07-15 17:15:15,16.7333,82.2167,79.75,85,100,4.07
127,Visby,SE,2022-07-15 17:15:15,57.6409,18.296,64.62,48,0,14.97
128,Bluff,NZ,2022-07-15 17:15:16,-46.6,168.3333,35.8,70,50,14.41
129,Atuona,PF,2022-07-15 17:15:16,-9.8,-139.0333,76.78,73,14,10.89
130,Canutama,BR,2022-07-15 17:15:17,-6.5339,-64.3831,95.47,38,50,3.42
131,Dikson,RU,2022-07-15 17:15:17,73.5069,80.5464,46.85,75,67,12.88
132,Sorland,NO,2022-07-15 17:11:04,67.667,12.6934,49.86,78,100,13.47
133,Dossor,KZ,2022-07-15 17:15:18,47.5272,52.9811,88.09,20,0,9.08
134,Upernavik,GL,2022-07-15 17:07:28,72.7868,-56.1549,47.14,67,0,2.71
135,Lac-Au-Saumon,CA,2022-07-15 17:15:19,48.421,-67.3476,73.45,43,7,11.63
136,Harper,LR,2022-07-15 17:15:19,4.375,-7.7169,76.14,80,99,11.05
137,Darhan,MN,2022-07-15 17:15:19,49.4867,105.9228,61.57,63,100,9.46
138,Mecca,SA,2022-07-15 17:15:20,21.4267,39.8261,94.42,23,98,7.67
139,Buenavista,PH,2022-07-15 17:16:20,8.9769,125.4089,76.55,90,71,3.38
140,Vardo,NO,2022-07-15 17:16:21,70.3705,31.1107,62.58,72,0,5.75
141,Bayanday,RU,2022-07-15 17:16:21,53.0661,105.5139,52.66,94,100,9.35
142,Strezhevoy,RU,2022-07-15 17:16:22,60.7333,77.5889,59.63,67,92,4.83
143,Ponta Do Sol,PT,2022-07-15 17:16:22,32.6667,-17.1,81.01,75,4,3.18
144,Tabou,CI,2022-07-15 17:16:23,4.423,-7.3528,76.19,81,96,10.98
145,Khatanga,RU,2022-07-15 17:16:23,71.9667,102.5,52.66,65,19,6.31
146,Coquimbo,CL,2022-07-15 17:12:09,-29.9533,-71.3436,51.53,71,75,9.22
147,Oeiras Do Para,BR,2022-07-15 17:16:24,-2.0031,-49.8544,91.99,45,24,5.59
148,Broome,US,2022-07-15 17:16:24,42.2506,-75.833,81.32,45,0,8.01
149,Mareeba,AU,2022-07-15 17:16:25,-17.0,145.4333,59.72,92,40,1.68
150,Naryan-Mar,RU,2022-07-15 17:09:38,67.6713,53.087,74.98,66,83,7.63
151,Ribeira Grande,PT,2022-07-15 17:16:26,38.5167,-28.7,79.2,57,20,9.22
152,Naze,JP,2022-07-15 17:16:26,28.3667,129.4833,81.52,87,100,16.75
153,Haines Junction,CA,2022-07-15 17:16:27,60.7522,-137.5108,53.55,82,100,0.0
154,Santiago De Chuco,PE,2022-07-15 17:16:27,-8.15,-78.1833,64.26,36,2,1.25
155,Dingle,PH,2022-07-15 17:16:28,10.9995,122.6711,76.78,92,87,2.17
156,Kysyl-Syr,RU,2022-07-15 17:16:28,63.8986,122.7617,64.49,94,100,4.25
157,Carnarvon,AU,2022-07-15 17:16:29,-24.8667,113.6333,66.43,71,0,16.82
158,Port Lincoln,AU,2022-07-15 17:15:22,-34.7333,135.8667,56.48,39,89,21.34
159,Provideniya,RU,2022-07-15 17:16:29,64.3833,-173.3,46.89,82,95,1.88
160,Tiksi,RU,2022-07-15 17:16:30,71.6872,128.8694,39.76,89,100,7.07
161,Kaseda,JP,2022-07-15 17:16:30,31.4167,130.3167,80.02,89,100,11.3
162,La Ronge,CA,2022-07-15 17:16:31,55.1001,-105.2842,79.02,33,20,5.75
163,Flin Flon,CA,2022-07-15 17:15:17,54.7682,-101.865,82.24,34,20,8.05
164,Torbay,CA,2022-07-15 17:16:31,47.6666,-52.7314,72.75,83,75,4.61
165,Tabas,IR,2022-07-15 17:16:32,33.5959,56.9244,93.96,8,0,19.77
166,Tuatapere,NZ,2022-07-15 17:16:32,-46.1333,167.6833,37.08,87,80,5.53
167,Kampot,KH,2022-07-15 17:16:33,10.6167,104.1833,78.85,87,93,6.29
168,Ulaangom,MN,2022-07-15 17:16:33,49.9811,92.0667,57.42,56,94,1.03
169,Arona,ES,2022-07-15 17:06:58,28.0996,-16.681,73.69,66,0,20.71
170,Fort Nelson,CA,2022-07-15 17:15:18,58.8053,-122.7002,67.59,60,75,4.61
171,Lasa,IT,2022-07-15 17:16:34,46.6166,10.7002,81.48,61,83,0.78
172,Thompson,CA,2022-07-15 17:16:27,55.7435,-97.8558,78.96,38,0,9.22
173,Steamboat Springs,US,2022-07-15 17:15:22,40.485,-106.8317,75.0,58,40,4.61
174,Bereda,ES,2022-07-15 17:16:35,43.2686,-7.5406,86.29,41,99,4.74
175,Hoima,UG,2022-07-15 17:16:35,1.4356,31.3436,72.84,53,93,3.02
176,Kahului,US,2022-07-15 17:09:48,20.8947,-156.47,78.84,71,20,11.5
177,Gazanjyk,TM,2022-07-15 17:16:36,39.2446,55.5154,95.59,10,0,9.51
178,Kavaratti,IN,2022-07-15 17:16:37,10.5669,72.642,81.32,84,78,15.75
179,The Valley,AI,2022-07-15 17:16:28,18.217,-63.0578,86.14,70,40,18.41
180,Eyl,SO,2022-07-15 17:16:37,7.9803,49.8164,81.36,69,99,26.4
181,Bulungu,CD,2022-07-15 17:17:38,-4.55,18.6,85.33,25,19,3.56
182,Pacific Grove,US,2022-07-15 17:17:38,36.6177,-121.9166,66.2,88,75,13.0
183,Sennoy,RU,2022-07-15 17:17:39,52.1509,46.9631,67.5,73,5,7.27
184,Bengkulu,ID,2022-07-15 17:09:46,-3.8004,102.2655,78.08,87,100,4.16
185,Brownsville,US,2022-07-15 17:17:40,25.9018,-97.4975,87.78,79,75,14.97
186,Tigil,RU,2022-07-15 17:17:40,57.8,158.6667,48.69,92,82,0.92
187,San Cristobal,VE,2022-07-15 17:14:54,7.7669,-72.225,75.38,52,67,4.79
188,Kalmunai,LK,2022-07-15 17:17:42,7.4167,81.8167,83.07,71,100,0.85
189,Murgab,TM,2022-07-15 17:17:42,37.4966,61.9714,87.67,30,0,4.61
190,Finale Ligure,IT,2022-07-15 17:17:43,44.1695,8.3436,91.63,80,2,5.01
191,Hithadhoo,MV,2022-07-15 17:09:34,-0.6,73.0833,83.61,75,39,14.36
192,Tateyama,JP,2022-07-15 17:17:44,34.9833,139.8667,76.93,94,75,4.61
193,Saskylakh,RU,2022-07-15 17:17:45,71.9167,114.0833,47.26,64,5,3.96
194,Aitape,PG,2022-07-15 17:17:45,-3.1374,142.3475,76.73,89,64,4.81
195,Cairns,AU,2022-07-15 17:17:46,-16.9167,145.7667,64.35,93,40,13.8
196,Kavieng,PG,2022-07-15 17:17:47,-2.5744,150.7967,80.56,78,82,13.04
197,Lagoa,PT,2022-07-15 17:17:47,39.05,-27.9833,69.17,87,16,13.27
198,Parana,AR,2022-07-15 17:17:48,-31.732,-60.5238,56.55,58,78,14.47
199,Khorixas,NA,2022-07-15 17:17:48,-20.3667,14.9667,70.03,19,0,10.29
200,Kulhudhuffushi,MV,2022-07-15 17:17:49,6.6221,73.07,82.17,81,100,9.89
201,Mangrol,IN,2022-07-15 17:17:49,21.1167,70.1167,81.43,84,100,20.47
202,Buraydah,SA,2022-07-15 17:17:50,26.326,43.975,102.65,10,52,11.74
203,Brae,GB,2022-07-15 17:11:16,60.3964,-1.353,52.65,77,23,15.3
204,San Rafael Del Sur,NI,2022-07-15 17:17:51,11.8485,-86.4384,86.97,64,98,15.32
205,Codrington,AU,2022-07-15 17:17:51,-38.2667,141.9667,50.54,58,100,15.03
206,Adrar,MR,2022-07-15 17:17:52,20.5022,-10.0711,108.55,12,16,9.98
207,San Quintin,MX,2022-07-15 17:17:52,30.4833,-115.95,72.16,68,30,10.13
208,Preobrazheniye,RU,2022-07-15 17:17:53,42.9019,133.9064,63.52,98,100,13.91
209,Karratha,AU,2022-07-15 17:17:53,-20.7377,116.8463,65.34,50,4,4.09
210,Marawi,PH,2022-07-15 17:17:53,7.9986,124.2928,69.1,95,86,1.61
211,Garden City,US,2022-07-15 17:15:13,42.3256,-83.331,84.2,42,100,10.36
212,Toamasina,MG,2022-07-15 17:17:54,-18.1667,49.3833,69.4,85,65,7.14
213,Yumen,CN,2022-07-15 17:17:55,40.2833,97.2,72.41,37,100,4.61
214,Constitucion,CL,2022-07-15 17:17:55,-35.3333,-72.4167,47.93,77,100,7.83
215,Bull Savanna,JM,2022-07-15 17:17:55,17.8868,-77.5902,83.89,59,100,5.26
216,Gizo,SB,2022-07-15 17:17:56,-8.103,156.8419,82.26,74,97,13.85
217,Sinnamary,GF,2022-07-15 17:17:56,5.3833,-52.95,82.45,78,56,9.57
218,Cherskiy,RU,2022-07-15 17:17:57,68.75,161.3,44.2,51,63,5.21
219,Ancud,CL,2022-07-15 17:17:58,-41.8697,-73.8203,44.22,65,6,7.43
220,Padang,ID,2022-07-15 17:17:58,-0.9492,100.3543,78.3,88,90,3.6
221,Muros,ES,2022-07-15 17:17:58,42.7762,-9.0603,69.21,80,100,4.29
222,Nanortalik,GL,2022-07-15 17:17:59,60.1432,-45.2371,44.33,84,84,9.22
223,Aranda De Duero,ES,2022-07-15 17:16:16,41.6704,-3.6892,100.65,9,8,9.98
224,Kamina,CD,2022-07-15 17:18:00,-8.7386,24.9906,71.69,37,13,5.46
225,San Matias,BO,2022-07-15 17:18:00,-16.3667,-58.4,98.11,19,99,12.48
226,Boffa,GN,2022-07-15 17:18:01,10.1667,-14.0333,83.5,82,100,8.63
227,Port-Gentil,GA,2022-07-15 17:18:01,-0.7193,8.7815,76.96,78,40,10.36
228,Sao Joao Da Barra,BR,2022-07-15 17:19:01,-21.6403,-41.0511,82.49,70,26,17.4
229,Solec Kujawski,PL,2022-07-15 17:19:02,53.0837,18.2257,69.67,39,0,17.27
230,Langsa,ID,2022-07-15 17:19:02,4.4683,97.9683,74.93,97,52,1.21
231,Bathsheba,BB,2022-07-15 17:19:03,13.2167,-59.5167,86.61,85,75,23.02
232,Novaya Chigla,RU,2022-07-15 17:19:03,51.2233,40.4781,70.65,62,1,7.14
233,Deputatskiy,RU,2022-07-15 17:19:04,69.3,139.9,53.53,92,85,4.94
234,Chuy,UY,2022-07-15 17:09:39,-33.6971,-53.4616,61.47,96,100,4.5
235,Soyo,AO,2022-07-15 17:11:06,-6.1349,12.3689,72.41,83,15,9.53
236,Chapais,CA,2022-07-15 17:19:05,49.7834,-74.8492,74.98,31,70,11.07
237,Luganville,VU,2022-07-15 17:19:05,-15.5333,167.1667,75.49,88,54,7.23
238,Otane,NZ,2022-07-15 17:19:06,-39.8833,176.6333,41.02,90,99,2.59
239,Quelimane,MZ,2022-07-15 17:19:06,-17.8786,36.8883,69.75,78,20,3.44
240,Waipawa,NZ,2022-07-15 17:19:08,-41.4122,175.5153,41.07,90,94,5.17
241,Zyryanka,RU,2022-07-15 17:19:09,65.75,150.85,63.93,72,10,5.77
242,Porto De Moz,BR,2022-07-15 17:19:09,-1.7483,-52.2383,87.08,59,57,3.27
243,Shingu,JP,2022-07-15 17:07:19,33.7333,135.9833,73.72,93,100,4.97
244,Kimamba,TZ,2022-07-15 17:19:10,-6.7833,37.1333,73.53,61,95,2.28
245,Merritt Island,US,2022-07-15 17:19:10,28.5392,-80.672,92.21,63,20,8.05
246,Alexandria,EG,2022-07-15 17:19:11,31.2156,29.9553,78.69,62,0,11.95
247,Saint-Tite,CA,2022-07-15 17:19:11,46.7334,-72.5658,77.31,35,2,5.57
248,Cloquet,US,2022-07-15 17:19:11,46.7216,-92.4594,76.39,66,100,4.61
249,Alofi,NU,2022-07-15 17:19:12,-19.0595,-169.9187,73.29,83,81,6.91
250,Mana,GF,2022-07-15 17:19:12,5.6592,-53.7767,82.71,78,64,8.77
251,Southbridge,US,2022-07-15 17:19:13,42.0751,-72.0334,84.25,54,1,5.01
252,Puerto Escondido,MX,2022-07-15 17:19:13,15.85,-97.0667,90.43,62,75,14.97
253,Erzurum,TR,2022-07-15 17:19:14,40.0,41.5,78.48,44,38,7.16
254,Muzaffarabad,PK,2022-07-15 17:19:14,34.37,73.4711,75.22,83,5,4.94
255,Ust-Nera,RU,2022-07-15 17:19:14,64.5667,143.2,68.74,70,100,3.22
256,Mugumu,TZ,2022-07-15 17:19:15,-1.85,34.7,71.49,44,98,1.5
257,Talnakh,RU,2022-07-15 17:19:15,69.4865,88.3972,58.21,57,63,4.83
258,Indramayu,ID,2022-07-15 17:19:16,-6.3264,108.32,79.84,82,86,10.13
259,San Jose,US,2022-07-15 17:15:42,37.3394,-121.895,76.82,61,20,4.61
260,Ostrovnoy,RU,2022-07-15 17:19:17,68.0531,39.5131,64.49,77,99,10.63
261,Avera,US,2022-07-15 17:19:17,33.194,-82.5271,87.85,52,96,5.06
262,Lompoc,US,2022-07-15 17:15:54,34.6391,-120.4579,78.85,79,0,6.91
263,Iwaki,JP,2022-07-15 17:19:18,37.05,140.8833,71.76,97,100,1.01
264,Mount Gambier,AU,2022-07-15 17:18:15,-37.8333,140.7667,49.51,56,100,11.77
265,Hervey Bay,AU,2022-07-15 17:19:18,-25.2986,152.8535,59.16,80,16,11.9
266,Gurmatkal,IN,2022-07-15 17:19:19,16.8667,77.4,74.25,80,82,14.61
267,Ketchikan,US,2022-07-15 17:19:19,55.3422,-131.6461,55.87,94,100,0.0
268,Wesley,DM,2022-07-15 17:19:19,15.5667,-61.3167,87.33,70,75,12.66
269,Longyearbyen,SJ,2022-07-15 17:19:20,78.2186,15.6401,57.04,67,75,18.41
270,Brawley,US,2022-07-15 17:17:14,32.9787,-115.5303,99.61,29,0,6.91
271,Bilma,NE,2022-07-15 17:18:46,18.6853,12.9164,98.47,28,46,21.23
272,Aklavik,CA,2022-07-15 17:19:21,68.2191,-135.0107,50.0,71,75,3.44
273,Asfi,MA,2022-07-15 17:19:21,32.2994,-9.2372,75.63,68,11,16.15
274,Tasiilaq,GL,2022-07-15 17:19:22,65.6145,-37.6368,44.76,74,100,20.85
275,Khombole,SN,2022-07-15 17:19:22,14.7667,-16.7,88.61,44,78,14.18
276,Iraquara,BR,2022-07-15 17:20:23,-12.2486,-41.6194,74.91,44,17,9.78
277,Bonthe,SL,2022-07-15 17:20:23,7.5264,-12.505,78.39,81,100,11.74
278,Srednekolymsk,RU,2022-07-15 17:20:23,67.45,153.6833,57.22,57,56,1.52
279,Raymond Terrace,AU,2022-07-15 17:20:24,-32.75,151.75,48.0,91,2,3.8
280,Sapouy,BF,2022-07-15 17:20:24,11.5544,-1.7736,76.66,84,75,10.74
281,Bandarbeyla,SO,2022-07-15 17:20:25,9.4942,50.8122,79.21,77,100,31.7
282,Miri,MY,2022-07-15 17:20:25,4.4148,114.0089,77.14,94,40,3.44
283,Norman Wells,CA,2022-07-15 17:20:26,65.282,-126.8329,53.64,71,75,4.61
284,Neuquen,AR,2022-07-15 17:20:26,-38.9516,-68.0591,40.89,81,75,9.22
285,Gobabis,NA,2022-07-15 17:20:26,-22.45,18.9667,59.59,24,0,11.16
286,Thinadhoo,MV,2022-07-15 17:20:27,0.5333,72.9333,84.18,75,81,12.68
287,Caravelas,BR,2022-07-15 17:20:27,-17.7125,-39.2481,77.16,64,34,7.38
288,Port Hawkesbury,CA,2022-07-15 17:20:28,45.6169,-61.3485,72.79,76,75,10.36
289,Erzin,TR,2022-07-15 17:20:28,36.9559,36.2,77.61,83,1,8.81
290,Cozumel,MX,2022-07-15 17:20:29,20.5083,-86.9458,88.95,71,40,13.8
291,Pisco,PE,2022-07-15 17:11:11,-13.7,-76.2167,64.02,77,75,10.36
292,Itarema,BR,2022-07-15 17:20:30,-2.9248,-39.9167,85.62,55,55,14.67
293,Agadez,NE,2022-07-15 17:20:31,19.75,10.25,102.11,9,20,8.23
294,Jutai,BR,2022-07-15 17:20:31,-5.1833,-68.9,91.47,47,32,2.59
295,Ewa Beach,US,2022-07-15 17:20:21,21.3156,-158.0072,78.75,72,75,13.8
296,Seminole,US,2022-07-15 17:17:05,28.7086,-81.2081,93.29,63,0,5.75
297,Havre-Saint-Pierre,CA,2022-07-15 17:20:32,50.2334,-63.5986,66.56,68,0,12.66
298,Hokitika,NZ,2022-07-15 17:20:32,-42.7167,170.9667,39.09,82,16,5.84
299,Ratnagiri,IN,2022-07-15 17:20:33,16.9833,73.3,80.11,85,100,20.07
300,Carutapera,BR,2022-07-15 17:20:33,-1.195,-46.02,84.52,66,56,9.17
301,Luderitz,NA,2022-07-15 17:18:56,-26.6481,15.1594,70.41,35,15,5.37
302,Hutang,CN,2022-07-15 17:20:34,31.5333,119.4833,81.73,87,99,0.94
303,Kuytun,RU,2022-07-15 17:20:35,54.3419,101.5036,50.92,92,100,3.87
304,Cockburn Town,TC,2022-07-15 17:20:36,21.4612,-71.1419,81.77,83,41,21.81
305,Yar-Sale,RU,2022-07-15 17:20:36,66.8333,70.8333,56.35,61,1,8.59
306,Nantucket,US,2022-07-15 17:16:47,41.2835,-70.0995,80.74,77,0,3.44
307,Vila Velha,BR,2022-07-15 17:17:55,-20.3297,-40.2925,80.55,70,40,9.22
308,Klaksvik,FO,2022-07-15 17:20:37,62.2266,-6.589,52.72,76,68,12.73
309,Moose Factory,CA,2022-07-15 17:20:38,51.2585,-80.6094,78.8,50,0,16.11
310,Kokoda,PG,2022-07-15 17:20:38,-8.8785,147.7407,72.21,98,94,1.01
311,College,US,2022-07-15 17:20:38,64.8569,-147.8028,60.91,63,75,4.61
312,Saldanha,ZA,2022-07-15 17:20:39,-33.0117,17.9442,59.05,80,100,10.85
313,Becerril,CO,2022-07-15 17:16:09,9.7041,-73.2793,93.74,41,0,7.43
314,Geraldton,AU,2022-07-15 17:11:18,-28.7667,114.6,55.81,94,100,0.0
315,Santa Maria,BR,2022-07-15 17:20:40,-29.6842,-53.8069,61.9,100,100,8.05
316,Mizdah,LY,2022-07-15 17:20:41,31.4451,12.9801,91.09,18,0,4.38
317,Bethel,US,2022-07-15 17:20:41,41.3712,-73.414,85.35,44,0,1.01
318,Vila Franca Do Campo,PT,2022-07-15 17:18:11,37.7167,-25.4333,75.61,77,45,10.87
319,Zheshart,RU,2022-07-15 17:20:42,62.0731,49.5733,67.73,94,89,6.93
320,Beringovskiy,RU,2022-07-15 17:20:43,63.05,179.3167,46.63,81,35,8.95
321,Rocky Mountain House,CA,2022-07-15 17:21:43,52.3668,-114.9188,68.9,74,14,4.68
322,Leningradskiy,RU,2022-07-15 17:18:12,69.3833,178.4167,35.04,79,77,3.89
323,Davila,PH,2022-07-15 17:21:44,18.4726,120.5763,81.91,81,100,9.55
324,Zhangye,CN,2022-07-15 17:21:44,38.9342,100.4517,63.5,73,100,9.78
325,Riyadh,SA,2022-07-15 17:21:45,24.6877,46.7219,100.54,7,100,11.34
326,Korla,CN,2022-07-15 17:21:45,41.7597,86.1469,80.35,36,93,18.61
327,Odweyne,SO,2022-07-15 17:21:46,9.4092,45.064,75.11,59,97,22.84
328,Kaoma,ZM,2022-07-15 17:21:46,-14.7833,24.8,63.86,36,20,6.17
329,Faanui,PF,2022-07-15 17:21:47,-16.4833,-151.75,78.22,56,94,21.99
330,Nyurba,RU,2022-07-15 17:21:47,63.2842,118.3319,62.44,96,41,3.98
331,Lakota,CI,2022-07-15 17:21:48,5.8528,-5.6883,77.79,81,88,5.59
332,Kudahuvadhoo,MV,2022-07-15 17:21:48,2.6708,72.8944,83.48,72,74,8.5
333,Sitka,US,2022-07-15 17:21:49,57.0531,-135.33,55.29,94,75,4.61
334,Hualmay,PE,2022-07-15 17:21:49,-11.0964,-77.6139,64.31,72,64,13.67
335,Qasigiannguit,GL,2022-07-15 17:21:50,68.8193,-51.1922,59.25,52,5,1.36
336,Cidreira,BR,2022-07-15 17:21:50,-30.1811,-50.2056,62.6,96,100,10.6
337,Namatanai,PG,2022-07-15 17:21:50,-3.6667,152.4333,78.3,81,90,5.48
338,Golden,US,2022-07-15 17:19:29,39.7555,-105.2211,88.2,37,40,5.99
339,Barguzin,RU,2022-07-15 17:21:51,53.6167,109.6167,57.38,95,82,4.41
340,Sendafa,ET,2022-07-15 17:21:52,9.15,39.0333,58.35,91,99,6.08
341,Belaya Gora,RU,2022-07-15 17:21:52,68.5333,146.4167,62.02,69,72,4.14
342,Fairbanks,US,2022-07-15 17:21:03,64.8378,-147.7164,60.93,63,75,4.61
343,Puerto Del Rosario,ES,2022-07-15 17:21:53,28.5004,-13.8627,76.75,73,20,19.57
344,Kaeo,NZ,2022-07-15 17:18:46,-35.1,173.7833,50.32,95,100,7.65
345,Tilichiki,RU,2022-07-15 17:20:42,60.4667,166.1,51.39,91,43,6.08
346,Aguas Vermelhas,BR,2022-07-15 17:19:58,-15.7472,-41.46,79.32,38,55,4.5
347,Grand-Santi,GF,2022-07-15 17:21:54,4.25,-54.3833,84.0,74,74,3.96
348,Codajas,BR,2022-07-15 17:21:55,-3.8367,-62.0569,91.36,47,42,5.91
349,Desaguadero,PE,2022-07-15 17:21:55,-16.5656,-69.0417,52.36,23,45,4.76
350,Port Keats,AU,2022-07-15 17:21:56,-14.25,129.55,62.92,46,62,9.44
351,Churu,IN,2022-07-15 17:21:56,28.3,74.95,90.93,52,51,13.04
352,Flinders,AU,2022-07-15 17:21:57,-34.5833,150.8552,46.06,79,48,4.0
353,Lima,PE,2022-07-15 17:19:32,-12.0432,-77.0282,61.05,77,100,9.22
354,Warrnambool,AU,2022-07-15 17:21:57,-38.3833,142.4833,50.81,71,100,13.47
355,Taoudenni,ML,2022-07-15 17:21:58,22.6783,-3.9836,112.71,6,3,18.12
356,Pundaguitan,PH,2022-07-15 17:21:58,6.3711,126.1689,82.47,76,50,2.82
357,Fortuna,US,2022-07-15 17:21:59,40.5982,-124.1573,65.93,80,40,3.0
358,Westport,US,2022-07-15 17:21:59,41.1415,-73.3579,86.41,54,0,9.22
359,Severnyy-Kospashskiy,RU,2022-07-15 17:22:00,59.0925,57.8008,62.2,95,99,4.59
360,Montepulciano,IT,2022-07-15 17:22:00,43.1017,11.7868,91.27,38,0,15.57
361,Monywa,MM,2022-07-15 17:22:00,22.1167,95.1333,89.76,54,89,8.59
362,Kruisfontein,ZA,2022-07-15 17:22:01,-34.0033,24.7314,56.88,84,27,5.75
363,Maracaibo,VE,2022-07-15 17:22:01,10.6317,-71.6406,89.74,51,10,2.21
364,Mehamn,NO,2022-07-15 17:19:31,71.0357,27.8492,76.91,68,0,8.05
365,Nevsehir,TR,2022-07-15 17:19:35,38.9167,34.6667,72.61,43,0,13.8
366,Northam,GB,2022-07-15 17:23:03,51.0333,-4.2167,67.24,68,57,9.78
367,Lircay,PE,2022-07-15 17:23:03,-12.9896,-74.7205,59.11,33,72,6.71
368,Iranshahr,IR,2022-07-15 17:23:04,27.2025,60.6848,102.54,10,0,11.5
369,Parrita,CR,2022-07-15 17:23:04,9.5201,-84.3225,83.88,72,81,5.14
370,Umm Bab,QA,2022-07-15 17:23:05,25.2142,50.8072,95.88,45,99,5.66
371,Sur,OM,2022-07-15 17:21:47,22.5667,59.5289,84.56,76,100,11.63
372,Vestmannaeyjar,IS,2022-07-15 17:23:06,63.4427,-20.2734,50.99,93,100,25.32
373,Ballina,AU,2022-07-15 17:21:10,-28.8667,153.5667,51.01,94,7,7.85
374,Paita,PE,2022-07-15 17:23:06,-5.0892,-81.1144,69.57,67,13,14.29
375,Keningau,MY,2022-07-15 17:23:07,5.3378,116.1602,71.29,90,97,0.83
376,Normandin,CA,2022-07-15 17:23:07,48.8333,-72.5321,75.33,41,28,5.75
377,Okoneshnikovo,RU,2022-07-15 17:23:08,54.8377,75.0834,63.28,82,91,7.56
378,Rabo De Peixe,PT,2022-07-15 17:23:08,37.8,-25.5833,74.71,69,40,13.8
379,Cabo San Lucas,MX,2022-07-15 17:23:08,22.8909,-109.9124,94.3,43,20,6.91
380,Mount Isa,AU,2022-07-15 17:23:09,-20.7333,139.5,51.57,40,2,5.75
381,Iracoubo,GF,2022-07-15 17:19:02,5.4802,-53.2011,83.07,74,62,9.91
382,Kalat,PK,2022-07-15 17:23:10,29.0225,66.5916,70.68,64,97,10.42
383,Santa Rosalia,MX,2022-07-15 17:23:10,27.3167,-112.2833,88.84,49,78,6.67
384,Faya,SA,2022-07-15 17:23:11,18.3851,42.4509,72.12,46,94,4.03
385,Antalaha,MG,2022-07-15 17:23:11,-14.9003,50.2788,68.81,85,13,8.63
386,Arman,RU,2022-07-15 17:23:11,59.7,150.1667,61.02,94,64,2.48
387,Mogadishu,SO,2022-07-15 17:23:12,2.0371,45.3438,76.89,83,100,18.88
388,Devils Lake,US,2022-07-15 17:21:18,48.1128,-98.8651,76.95,75,75,7.0
389,Nurobod,UZ,2022-07-15 17:23:13,40.9056,69.8023,83.41,21,0,0.94
390,Souillac,MU,2022-07-15 17:23:13,-20.5167,57.5167,68.38,94,75,5.75
391,Polis,CY,2022-07-15 17:23:14,35.0367,32.4264,79.29,66,0,8.55
392,Virginia Beach,US,2022-07-15 17:21:43,36.8529,-75.978,86.05,76,75,6.91
393,Auch,FR,2022-07-15 17:23:14,43.65,0.5833,94.44,51,13,1.01
394,Bowen,AU,2022-07-15 17:23:15,-20.0167,148.2333,63.55,86,96,15.88
395,Karasjok,NO,2022-07-15 17:23:15,69.4719,25.5112,66.43,70,97,4.74
396,Hofn,IS,2022-07-15 17:23:16,64.2539,-15.2082,55.42,76,40,9.22
397,Jati,PK,2022-07-15 17:23:16,24.3539,68.2671,85.42,77,100,16.73
398,Ngawen,ID,2022-07-15 17:23:17,-7.0032,111.3129,74.34,92,59,4.47
399,Farah,AF,2022-07-15 17:23:17,32.5,62.5,91.67,10,0,5.08
400,Elat,IL,2022-07-15 17:23:18,29.5581,34.9482,96.64,28,0,9.22
401,Synya,RU,2022-07-15 17:23:18,65.3718,58.0387,74.3,63,95,3.36
402,Te Anau,NZ,2022-07-15 17:23:19,-45.4167,167.7167,32.81,93,55,1.28
403,Boden,SE,2022-07-15 17:23:19,65.8252,21.6886,62.6,67,98,5.61
404,Igarka,RU,2022-07-15 17:23:20,67.4667,86.5833,53.58,71,83,7.63
405,Abu Dhabi,AE,2022-07-15 17:23:20,24.4667,54.3667,104.11,37,78,8.05
406,Bontang,ID,2022-07-15 17:23:21,0.1333,117.5,78.42,81,91,1.59
407,Ejido,VE,2022-07-15 17:23:21,8.5514,-71.2375,79.41,67,42,8.37
408,San Patricio,US,2022-07-15 17:23:21,28.017,-97.5169,90.18,41,9,8.59
409,Bom Despacho,BR,2022-07-15 17:24:22,-19.7364,-45.2522,80.28,33,84,7.25
410,Saint George,US,2022-07-15 17:24:22,37.1041,-113.5841,91.94,35,0,5.01
411,Kjollefjord,NO,2022-07-15 17:24:23,70.9457,27.3465,67.82,68,0,8.05
412,Muheza,TZ,2022-07-15 17:24:23,-5.1667,38.7833,70.09,85,97,3.87
413,Alta Floresta,BR,2022-07-15 17:24:24,-9.8756,-56.0861,98.42,32,40,6.91
414,Teahupoo,PF,2022-07-15 17:23:12,-17.8333,-149.2667,62.56,68,54,18.19
415,Juazeirinho,BR,2022-07-15 17:24:24,-6.8167,-38.05,92.34,28,37,5.82
416,Lichinga,MZ,2022-07-15 17:24:25,-13.3128,35.2406,60.89,72,20,8.05
417,Tiarei,PF,2022-07-15 17:24:25,-17.5333,-149.3333,68.02,64,36,19.91
418,Kattivakkam,IN,2022-07-15 17:24:26,13.2167,80.3167,90.07,64,86,12.44
419,Ipueiras,BR,2022-07-15 17:24:26,-7.0333,-40.45,87.01,31,16,9.15
420,Kincardine,GB,2022-07-15 17:24:27,56.0667,-3.7167,71.51,54,54,11.81
421,Kamenka,RU,2022-07-15 17:24:27,51.3223,42.7678,68.52,59,0,5.68
422,Soria,ES,2022-07-15 17:24:28,41.6667,-2.6667,93.11,27,5,11.52
423,Southwick,US,2022-07-15 17:24:28,42.0548,-72.7704,84.0,44,0,5.75
424,Nizwa,OM,2022-07-15 17:24:28,22.9333,57.5333,92.97,42,100,3.87
425,Shellbrook,CA,2022-07-15 17:24:29,53.2168,-106.4011,72.63,64,64,3.78
426,Chengde,CN,2022-07-15 17:24:29,40.9725,117.9361,70.45,70,74,2.95
427,Viedma,AR,2022-07-15 17:24:30,-40.8135,-62.9967,46.13,87,100,21.27
428,Half Moon Bay,US,2022-07-15 17:24:30,37.4636,-122.4286,74.57,74,100,10.36
429,El Alto,PE,2022-07-15 17:23:10,-4.2714,-81.2147,69.46,63,32,16.51
430,Muzhi,RU,2022-07-15 17:24:31,65.3667,64.6667,68.29,70,31,9.01
431,Pandan,PH,2022-07-15 17:24:31,14.0453,124.1694,81.21,83,79,4.34
432,Narsaq,GL,2022-07-15 17:20:34,60.9167,-46.05,61.02,55,73,5.08
433,Ust-Ilimsk,RU,2022-07-15 17:24:32,58.0006,102.6619,54.64,72,98,1.81
434,Paamiut,GL,2022-07-15 17:20:28,61.994,-49.6678,39.45,89,99,6.04
435,Makakilo City,US,2022-07-15 17:20:11,21.3469,-158.0858,77.32,72,75,13.8
436,Lavara,GR,2022-07-15 17:24:33,41.2667,26.3833,85.08,29,47,14.41
437,Sherlovaya Gora,RU,2022-07-15 17:24:33,50.5667,116.25,59.18,91,85,4.45
438,Ningxiang,CN,2022-07-15 17:24:34,37.34,111.2052,68.02,91,100,3.62
439,Gilgit,PK,2022-07-15 17:24:34,35.9221,74.3087,83.1,45,38,1.3
440,Arrifes,PT,2022-07-15 17:24:35,37.7667,-25.7,73.65,69,40,13.8
441,Bubaque,GW,2022-07-15 17:24:35,11.2833,-15.8333,81.27,78,100,13.22
442,Qandala,SO,2022-07-15 17:24:36,11.472,49.8728,91.85,49,80,18.37
443,Ondjiva,AO,2022-07-15 17:24:36,-17.0667,15.7333,66.09,25,0,6.29
444,Qaqortoq,GL,2022-07-15 17:24:37,60.7167,-46.0333,49.23,66,59,4.41
445,Brignoles,FR,2022-07-15 17:24:37,43.4,6.0667,97.77,48,1,5.01
446,Bojnurd,IR,2022-07-15 17:24:38,37.4747,57.329,78.75,18,0,4.61
447,Kloulklubed,PW,2022-07-15 17:24:38,7.0419,134.2556,75.7,73,92,4.7
448,Tutoia,BR,2022-07-15 17:24:39,-2.7619,-42.2744,83.32,66,76,8.57
449,Anito,PH,2022-07-15 17:24:39,12.4497,125.2886,78.64,86,92,3.4
450,Katsuura,JP,2022-07-15 17:24:40,35.1333,140.3,77.02,95,70,3.42
451,Mwene-Ditu,CD,2022-07-15 17:24:40,-7.0,23.45,78.42,33,21,4.94
452,Litovko,RU,2022-07-15 17:24:41,49.2361,135.1742,63.5,96,58,6.26
453,Asau,RO,2022-07-15 17:24:41,46.4333,26.4,76.28,52,86,6.02
454,Luoyang,CN,2022-07-15 17:24:42,34.6836,112.4536,80.44,89,96,7.74
455,Hayden,US,2022-07-15 17:25:42,47.766,-116.7866,71.98,88,20,8.05
456,Zelenoborskiy,RU,2022-07-15 17:25:43,66.845,32.3622,59.58,87,100,5.08
457,Lensk,RU,2022-07-15 17:25:43,60.7253,114.9278,63.7,99,100,3.98
458,Hobyo,SO,2022-07-15 17:25:44,5.3505,48.5268,78.24,77,88,25.68
459,Anadyr,RU,2022-07-15 17:25:44,64.75,177.4833,46.9,81,0,0.0
460,Road Town,VG,2022-07-15 17:24:49,18.4167,-64.6167,87.89,74,20,14.97
461,Rabat,MA,2022-07-15 17:25:45,33.9911,-6.8401,78.87,78,40,6.91
462,Lazaro Cardenas,MX,2022-07-15 17:25:45,17.9583,-102.2,85.37,65,95,2.08
463,Labuhan,ID,2022-07-15 17:21:41,-6.8844,112.2051,77.83,86,59,7.25
464,Araouane,ML,2022-07-15 17:25:46,18.9048,-3.5265,109.42,13,60,13.8
465,Jinchang,CN,2022-07-15 17:25:46,38.4953,102.1739,63.36,75,100,3.13
466,Dunda,TZ,2022-07-15 17:25:46,-8.1167,34.25,68.47,51,48,10.45
467,Manggar,ID,2022-07-15 17:25:47,-2.8833,108.2667,80.44,81,74,3.04
468,Aripuana,BR,2022-07-15 17:25:47,-9.1667,-60.6333,95.27,29,31,3.56
469,Sao Filipe,CV,2022-07-15 17:25:48,14.8961,-24.4956,75.27,79,100,7.4
470,Salalah,OM,2022-07-15 17:25:48,17.0151,54.0924,79.16,91,100,8.84
471,Qiongshan,CN,2022-07-15 17:25:49,20.0058,110.3542,82.38,89,0,4.47
472,Sai Buri,TH,2022-07-15 17:25:49,6.7013,101.6168,78.37,78,88,4.83
473,Inhambane,MZ,2022-07-15 17:25:49,-23.865,35.3833,67.98,77,40,8.05
474,Latung,PH,2022-07-15 17:25:50,5.5,120.8833,80.78,76,68,4.0
475,Terrace Bay,CA,2022-07-15 17:25:50,48.7834,-87.1,48.9,84,99,5.95
476,Atasu,KZ,2022-07-15 17:25:51,48.6814,71.6433,83.05,27,40,9.64
477,Mayumba,GA,2022-07-15 17:25:51,-3.432,10.6554,72.28,85,80,5.97
478,Yeppoon,AU,2022-07-15 17:25:52,-23.1333,150.7333,51.58,88,27,11.61
479,Jinji,CN,2022-07-15 17:25:52,23.2281,110.8261,80.49,90,100,3.44
480,Atar,MR,2022-07-15 17:25:52,20.5169,-13.0499,107.42,16,47,13.56
481,Takoradi,GH,2022-07-15 17:25:53,4.8845,-1.7554,77.31,82,64,11.65
482,Lucea,JM,2022-07-15 17:25:53,18.451,-78.1736,85.86,71,99,8.66
483,Merauke,ID,2022-07-15 17:25:54,-8.4667,140.3333,74.16,78,100,14.88
484,Palmer,US,2022-07-15 17:25:54,42.1584,-72.3287,83.62,42,20,3.44
485,Montrose,US,2022-07-15 17:25:54,38.4166,-108.2673,72.81,28,63,5.61
486,Kununurra,AU,2022-07-15 17:25:55,-15.7667,128.7333,51.78,71,58,4.61
487,Samana,DO,2022-07-15 17:25:55,19.2056,-69.3369,86.22,74,75,6.91
488,Gitarama,RW,2022-07-15 17:25:56,-2.0744,29.7567,71.06,51,79,5.28
489,Cayenne,GF,2022-07-15 17:25:56,4.9333,-52.3333,78.1,1,75,4.61
490,Kaitangata,NZ,2022-07-15 17:25:57,-46.2817,169.8464,35.71,94,40,10.51
491,Nhulunbuy,AU,2022-07-15 17:25:14,-12.2333,136.7667,72.21,68,40,10.36
492,Saint-Georges,GD,2022-07-15 17:25:57,12.0564,-61.7485,80.28,89,40,25.32
493,Ningyang,CN,2022-07-15 17:25:58,35.7642,116.7914,79.83,70,96,3.51
494,Ostersund,SE,2022-07-15 17:25:58,63.1792,14.6357,50.61,66,100,17.27
495,North Myrtle Beach,US,2022-07-15 17:25:59,33.816,-78.68,82.29,87,40,6.91
496,Chake Chake,TZ,2022-07-15 17:25:59,-5.2459,39.7666,73.51,87,72,11.92
497,Marsh Harbour,BS,2022-07-15 17:26:00,26.5412,-77.0636,82.72,70,97,15.41
498,Ribeira Brava,PT,2022-07-15 17:22:02,32.65,-17.0667,81.01,77,4,2.08
499,Biloela,AU,2022-07-15 17:26:00,-24.4167,150.5,50.2,88,1,6.35
500,Ambilobe,MG,2022-07-15 17:26:01,-13.2,49.05,69.76,80,36,0.92
501,Svobodnyy,RU,2022-07-15 17:26:01,51.4,128.1333,66.54,90,6,2.42
502,La Grande,US,2022-07-15 17:27:01,45.3246,-118.0877,82.0,36,0,4.32
503,Hamilton,US,2022-07-15 17:27:02,39.1834,-84.5333,87.64,49,0,5.75
504,Pervomayskiy,RU,2022-07-15 17:27:02,53.2485,40.2871,68.32,60,26,3.06
505,Lubu,CN,2022-07-15 17:27:03,23.1742,112.2809,79.99,94,100,2.1
506,Santa Barbara,US,2022-07-15 17:27:03,34.7333,-120.0343,88.34,53,0,5.75
507,Nizhniy Odes,RU,2022-07-15 17:27:04,63.6445,54.856,71.67,77,66,3.09
508,Kupang,ID,2022-07-15 17:27:04,-10.1667,123.5833,73.29,72,77,11.99
509,Medeiros Neto,BR,2022-07-15 17:27:05,-17.3739,-40.2206,81.93,39,20,5.64
510,Wentzville,US,2022-07-15 17:27:05,38.8114,-90.8529,92.59,55,91,8.39
511,Fare,PF,2022-07-15 17:27:05,-16.7,-151.0167,77.07,61,45,21.47
512,Balabac,PH,2022-07-15 17:27:06,7.9868,117.0645,80.76,81,100,4.59
513,Kyabe,TD,2022-07-15 17:27:06,9.4515,18.9449,78.24,79,93,0.58
514,Saint-Joseph,RE,2022-07-15 17:27:07,-21.3667,55.6167,68.38,81,53,13.82
515,Auchi,NG,2022-07-15 17:27:07,7.0667,6.2667,75.49,91,95,6.31
516,Nargana,PA,2022-07-15 17:27:08,9.4428,-78.5906,82.53,78,29,7.23
517,Kathu,TH,2022-07-15 17:27:08,7.9178,98.3332,85.69,99,79,9.62
518,Am Timan,TD,2022-07-15 17:27:09,11.0297,20.2827,75.15,87,100,6.08
519,Ola,RU,2022-07-15 17:27:09,59.5833,151.2833,61.14,97,92,1.3
520,Clarence Town,AU,2022-07-15 17:27:09,-32.5833,151.7833,47.86,87,2,3.38
521,Vershino-Shakhtaminskiy,RU,2022-07-15 17:27:10,51.3012,117.8868,56.79,95,100,1.43
522,Sao Joao Do Piaui,BR,2022-07-15 17:27:10,-8.3581,-42.2467,92.07,21,14,9.78
523,Rorvik,NO,2022-07-15 17:27:11,64.8621,11.2373,51.91,76,75,8.05
524,Quincy,US,2022-07-15 17:27:11,42.2529,-71.0023,86.76,40,20,12.66
525,Leshukonskoye,RU,2022-07-15 17:27:12,64.8989,45.7622,64.08,95,100,2.15
526,Walvis Bay,NA,2022-07-15 17:27:12,-22.9575,14.5053,81.55,21,0,8.05
527,Areia Branca,BR,2022-07-15 17:27:13,-4.9561,-37.1369,93.4,55,51,10.49
528,Trinidad,BO,2022-07-15 17:27:13,-14.8333,-64.9,87.78,62,75,16.11
529,Teya,RU,2022-07-15 17:27:14,60.3778,92.6267,45.86,94,66,2.21
530,Shaowu,CN,2022-07-15 17:27:14,27.3409,117.4831,79.83,75,99,1.7
531,Pochutla,MX,2022-07-15 17:27:15,15.7432,-96.4661,85.82,61,76,7.14
532,Saint-Pierre,RE,2022-07-15 17:27:15,-21.3393,55.4781,69.48,78,0,16.11
533,Bonavista,CA,2022-07-15 17:27:16,48.6499,-53.1147,59.34,86,68,12.03
534,Jiuquan,CN,2022-07-15 17:27:16,39.7432,98.5174,70.54,45,99,6.33
535,Komae,JP,2022-07-15 17:27:16,35.6364,139.5744,75.78,97,100,8.03
536,Iqaluit,CA,2022-07-15 17:27:17,63.7506,-68.5145,69.53,43,20,19.57
537,Oulu,FI,2022-07-15 17:27:17,65.0124,25.4682,66.22,60,0,4.61
538,Malanville,BJ,2022-07-15 17:27:18,11.8685,3.3899,93.04,42,85,9.19
539,Maningrida,AU,2022-07-15 17:27:18,-12.0667,134.2667,60.93,90,12,9.53
540,Zeya,RU,2022-07-15 17:27:19,53.75,127.2667,65.3,82,18,4.21
541,Manokwari,ID,2022-07-15 17:27:19,-0.8667,134.0833,78.33,77,55,3.09
542,Shenjiamen,CN,2022-07-15 17:27:20,29.9576,122.298,79.05,90,100,2.93
543,Lakes Entrance,AU,2022-07-15 17:27:20,-37.8811,147.981,44.17,69,100,6.22
544,Wloszczowa,PL,2022-07-15 17:27:21,50.8526,19.9659,66.18,42,39,9.93
545,Yamethin,MM,2022-07-15 17:27:21,20.4333,96.15,77.2,92,100,7.25
546,Praia Da Vitoria,PT,2022-07-15 17:27:14,38.7333,-27.0667,75.45,78,40,16.2
547,Oistins,BB,2022-07-15 17:27:22,13.0667,-59.5333,86.09,74,75,23.02
548,Sioux Lookout,CA,2022-07-15 17:28:22,50.1001,-91.917,77.07,65,40,4.61
549,Sofrino,RU,2022-07-15 17:28:23,56.15,37.9667,68.11,65,83,4.21
550,Tazovskiy,RU,2022-07-15 17:28:23,67.4667,78.7,54.39,62,65,2.57
551,Gavle,SE,2022-07-15 17:28:24,60.6745,17.1417,56.37,64,100,5.99
552,Orlik,RU,2022-07-15 17:28:24,52.5178,99.825,38.93,94,86,1.12
553,San Juan,AR,2022-07-15 17:28:25,-31.5375,-68.5364,38.08,93,100,13.56
554,Solnechnyy,RU,2022-07-15 17:28:25,50.7214,136.6319,62.92,96,99,3.56
555,Kargasok,RU,2022-07-15 17:28:26,59.0556,80.8572,56.25,78,99,3.96
556,Poum,NC,2022-07-15 17:28:26,-20.2333,164.0167,71.56,60,12,23.55
557,Sept-Iles,CA,2022-07-15 17:27:33,50.2001,-66.3821,71.6,62,40,17.27
558,Coahuayana,MX,2022-07-15 17:28:27,18.7333,-103.6833,90.19,52,98,3.49
