City_ID,City,Country,Date,Lat,Lng,Max Temp,Humidity,Cloudiness,Wind Speed,Current Description
0,Brae,GB,2022-07-22 17:12:19,60.3964,-1.353,53.56,72,100,10.76,overcast clouds
1,Esperance,AU,2022-07-22 17:12:19,-33.8667,121.9,53.49,77,87,13.8,overcast clouds
2,Kapaa,US,2022-07-22 17:10:15,22.0752,-159.319,79.12,86,40,12.66,scattered clouds
3,Broken Hill,AU,2022-07-22 17:12:20,-31.95,141.4333,55.08,71,100,12.28,light rain
4,Husavik,IS,2022-07-22 17:09:41,66.0449,-17.3389,51.94,81,63,6.51,broken clouds
5,Trinidad,BO,2022-07-22 17:12:21,-14.8333,-64.9,91.38,43,20,5.75,few clouds
6,Cape Town,ZA,2022-07-22 17:12:18,-33.9258,18.4232,59.34,81,100,5.01,overcast clouds
7,Yokadouma,CM,2022-07-22 17:12:22,3.5167,15.05,70.7,98,100,1.97,overcast clouds
8,Puerto Ayora,EC,2022-07-22 17:12:22,-0.7393,-90.3518,78.76,86,48,5.99,scattered clouds
9,Port Hardy,CA,2022-07-22 17:12:23,50.6996,-127.4199,57.81,86,96,6.35,overcast clouds
10,Albany,US,2022-07-22 17:12:23,42.6001,-73.9662,92.62,42,7,1.01,clear sky
11,Cairns,AU,2022-07-22 17:12:24,-16.9167,145.7667,67.95,87,75,6.91,broken clouds
12,Georgetown,MY,2022-07-22 17:07:27,5.4112,100.3354,78.73,96,40,0.0,scattered clouds
13,Wanlaweyn,SO,2022-07-22 17:12:24,2.6185,44.8938,75.0,75,44,17.98,scattered clouds
14,Bagn,NO,2022-07-22 17:12:25,60.8225,9.5521,72.09,63,100,5.44,overcast clouds
15,Tazovskiy,RU,2022-07-22 17:12:25,67.4667,78.7,47.62,76,100,6.49,overcast clouds
16,Mount Isa,AU,2022-07-22 17:12:25,-20.7333,139.5,47.97,46,0,5.75,clear sky
17,Mackenzie,CA,2022-07-22 17:12:26,55.2999,-123.1698,67.57,44,99,1.61,overcast clouds
18,Bredasdorp,ZA,2022-07-22 17:12:26,-34.5322,20.0403,54.36,64,100,7.85,overcast clouds
19,Rikitea,PF,2022-07-22 17:12:27,-23.1203,-134.9692,72.61,75,99,7.7,overcast clouds
20,Lorengau,PG,2022-07-22 17:12:27,-2.0226,147.2712,81.64,80,88,7.29,overcast clouds
21,Portland,US,2022-07-22 17:09:10,45.5234,-122.6762,66.24,76,100,5.99,overcast clouds
22,Rio Grande,BR,2022-07-22 17:12:28,-32.035,-52.0986,67.95,96,100,3.8,overcast clouds
23,Chuy,UY,2022-07-22 17:12:17,-33.6971,-53.4616,60.01,83,100,3.15,overcast clouds
24,Norman Wells,CA,2022-07-22 17:12:28,65.282,-126.8329,71.46,47,33,4.88,scattered clouds
25,Mar Del Plata,AR,2022-07-22 17:11:50,-38.0023,-57.5575,53.62,68,0,5.75,clear sky
26,Bluff,NZ,2022-07-22 17:12:29,-46.6,168.3333,33.8,84,83,7.25,broken clouds
27,Sinnamary,GF,2022-07-22 17:12:29,5.3833,-52.95,83.16,71,14,6.85,few clouds
28,Atuona,PF,2022-07-22 17:12:30,-9.8,-139.0333,76.96,76,2,15.28,clear sky
29,Punta Arenas,CL,2022-07-22 17:12:30,-53.15,-70.9167,41.02,75,0,20.71,clear sky
30,Xiazhen,CN,2022-07-22 17:12:30,34.8022,117.1117,75.9,97,100,9.95,moderate rain
31,Marawi,PH,2022-07-22 17:08:31,7.9986,124.2928,69.48,94,95,2.46,overcast clouds
32,Kailua,US,2022-07-22 17:12:31,21.4022,-157.7394,78.78,76,100,9.22,overcast clouds
33,East London,ZA,2022-07-22 17:07:50,-33.0153,27.9116,69.39,51,5,8.03,clear sky
34,New Norfolk,AU,2022-07-22 17:09:25,-42.7826,147.0587,49.5,83,99,1.01,overcast clouds
35,Roblin,CA,2022-07-22 17:12:32,51.23,-101.3565,66.99,69,5,8.68,clear sky
36,Ushuaia,AR,2022-07-22 17:12:32,-54.8,-68.3,35.26,93,100,29.93,sleet
37,Sola,VU,2022-07-22 17:12:33,-13.8833,167.55,80.17,79,99,14.63,overcast clouds
38,Sao Filipe,CV,2022-07-22 17:12:33,14.8961,-24.4956,75.83,80,72,6.73,broken clouds
39,Port Hedland,AU,2022-07-22 17:12:33,-20.3167,118.5667,66.25,100,100,4.61,overcast clouds
40,Ilulissat,GL,2022-07-22 17:12:34,69.2167,-51.1,48.22,93,100,3.44,light rain
41,Adrar,MR,2022-07-22 17:10:04,20.5022,-10.0711,98.38,28,59,3.0,light rain
42,Grao Mogol,BR,2022-07-22 17:12:34,-16.5594,-42.8897,79.86,32,0,7.05,clear sky
43,Barrow,US,2022-07-22 17:12:35,71.2906,-156.7887,37.42,93,100,11.5,mist
44,Hualmay,PE,2022-07-22 17:12:35,-11.0964,-77.6139,65.98,69,55,6.91,broken clouds
45,Flin Flon,CA,2022-07-22 17:07:59,54.7682,-101.865,55.96,66,97,6.44,overcast clouds
46,Hofn,IS,2022-07-22 17:13:36,64.2539,-15.2082,52.59,88,91,5.32,overcast clouds
47,Nikolskoye,RU,2022-07-22 17:13:36,59.7035,30.7861,81.81,54,35,3.2,scattered clouds
48,Derbent,RU,2022-07-22 17:13:37,42.0678,48.2899,74.84,69,17,11.39,few clouds
49,Samarai,PG,2022-07-22 17:13:37,-10.6167,150.6667,79.59,81,33,5.61,scattered clouds
50,Katsuura,JP,2022-07-22 17:13:38,35.1333,140.3,78.98,85,34,18.48,scattered clouds
51,Sao Felix Do Xingu,BR,2022-07-22 17:13:38,-6.6447,-51.995,96.37,20,60,3.65,broken clouds
52,Saint George,US,2022-07-22 17:13:39,37.1041,-113.5841,100.44,17,0,3.0,clear sky
53,Kudahuvadhoo,MV,2022-07-22 17:13:39,2.6708,72.8944,82.49,74,100,15.79,overcast clouds
54,Butaritari,KI,2022-07-22 17:13:40,3.0707,172.7902,80.96,76,30,9.19,scattered clouds
55,Port Alfred,ZA,2022-07-22 17:13:40,-33.5906,26.891,65.5,67,49,3.33,scattered clouds
56,Sitka,US,2022-07-22 17:10:35,57.0531,-135.33,55.29,82,100,4.61,overcast clouds
57,Valparaiso,CL,2022-07-22 17:13:24,-33.0393,-71.6273,59.23,76,2,9.22,fog
58,Vilyuysk,RU,2022-07-22 17:13:41,63.7553,121.6247,58.59,91,39,3.51,scattered clouds
59,Wanning,CN,2022-07-22 17:13:41,18.8003,110.3967,80.04,86,25,5.1,scattered clouds
60,Qaanaaq,GL,2022-07-22 17:13:42,77.484,-69.3632,42.19,84,100,11.54,overcast clouds
61,Mataura,NZ,2022-07-22 17:13:42,-46.1927,168.8643,33.48,98,16,2.95,few clouds
62,Hermanus,ZA,2022-07-22 17:08:43,-34.4187,19.2345,55.8,68,92,11.77,overcast clouds
63,Sarkikaraagac,TR,2022-07-22 17:09:12,38.0794,31.3664,70.47,33,0,6.17,clear sky
64,Port Lincoln,AU,2022-07-22 17:13:43,-34.7333,135.8667,53.04,65,86,6.04,overcast clouds
65,Tuatapere,NZ,2022-07-22 17:13:43,-46.1333,167.6833,37.49,93,47,3.87,scattered clouds
66,Calama,CL,2022-07-22 17:13:44,-22.4667,-68.9333,70.29,16,0,12.66,clear sky
67,Hilo,US,2022-07-22 17:13:44,19.7297,-155.09,78.28,100,100,10.36,heavy intensity rain
68,Ribeira Grande,PT,2022-07-22 17:13:44,38.5167,-28.7,77.4,83,40,12.66,scattered clouds
69,Bulgan,MN,2022-07-22 17:13:45,48.8125,103.5347,50.76,93,100,4.79,overcast clouds
70,Hithadhoo,MV,2022-07-22 17:13:45,-0.6,73.0833,81.09,74,100,7.18,overcast clouds
71,Kaitangata,NZ,2022-07-22 17:08:47,-46.2817,169.8464,38.68,92,84,4.68,broken clouds
72,Caravelas,BR,2022-07-22 17:13:46,-17.7125,-39.2481,76.84,69,40,5.88,scattered clouds
73,Bayan,CN,2022-07-22 17:13:47,46.0833,127.4,63.88,85,23,8.16,few clouds
74,Vaini,TO,2022-07-22 17:13:47,-21.2,-175.2,71.76,88,40,8.05,scattered clouds
75,Chokurdakh,RU,2022-07-22 17:13:48,70.6333,147.9167,38.66,78,77,12.55,broken clouds
76,Khatanga,RU,2022-07-22 17:13:05,71.9667,102.5,45.77,83,100,14.14,overcast clouds
77,Cidreira,BR,2022-07-22 17:08:48,-30.1811,-50.2056,68.76,82,92,4.34,moderate rain
78,Gualaquiza,EC,2022-07-22 17:13:48,-3.4,-78.55,70.32,66,97,0.87,overcast clouds
79,Hobart,AU,2022-07-22 17:11:33,-42.8794,147.3294,49.86,76,75,8.05,broken clouds
80,Mukhen,RU,2022-07-22 17:13:49,48.1,136.1,57.74,97,80,1.79,broken clouds
81,Christchurch,NZ,2022-07-22 17:09:28,-43.5333,172.6333,37.6,93,40,3.44,scattered clouds
82,Lasa,IT,2022-07-22 17:13:49,46.6166,10.7002,79.84,59,47,6.42,scattered clouds
83,Haines Junction,CA,2022-07-22 17:10:24,60.7522,-137.5108,49.73,78,100,6.4,overcast clouds
84,San Patricio,US,2022-07-22 17:13:50,28.017,-97.5169,93.54,41,92,14.14,overcast clouds
85,Rajmahal,IN,2022-07-22 17:13:50,25.05,87.8333,83.23,82,95,7.58,overcast clouds
86,Lebu,CL,2022-07-22 17:13:51,-37.6167,-73.65,54.34,96,100,11.07,overcast clouds
87,Upernavik,GL,2022-07-22 17:09:55,72.7868,-56.1549,42.06,95,100,24.96,light rain
88,Tupik,RU,2022-07-22 17:13:52,54.4253,119.9327,61.83,91,100,1.36,overcast clouds
89,Kokopo,PG,2022-07-22 17:14:52,-4.352,152.2633,77.5,83,15,3.87,few clouds
90,Thompson,CA,2022-07-22 17:14:52,55.7435,-97.8558,54.36,80,100,6.35,overcast clouds
91,Avarua,CK,2022-07-22 17:14:53,-21.2078,-159.775,75.25,83,75,11.5,broken clouds
92,Nome,US,2022-07-22 17:14:53,64.5011,-165.4064,46.47,93,100,8.05,light rain
93,Auki,SB,2022-07-22 17:14:54,-8.7676,160.7034,75.81,85,93,4.16,overcast clouds
94,Tulun,RU,2022-07-22 17:14:54,54.5611,100.5792,56.41,89,100,2.64,overcast clouds
95,Vila Franca Do Campo,PT,2022-07-22 17:10:40,37.7167,-25.4333,72.01,66,96,2.64,overcast clouds
96,Victoria,HK,2022-07-22 17:14:55,22.2855,114.1577,89.19,82,3,10.0,clear sky
97,Port Elizabeth,ZA,2022-07-22 17:14:41,-33.918,25.5701,61.32,67,0,8.05,clear sky
98,Yellowknife,CA,2022-07-22 17:14:55,62.456,-114.3525,62.56,59,96,4.0,overcast clouds
99,San Quintin,MX,2022-07-22 17:14:56,30.4833,-115.95,72.81,69,43,13.96,scattered clouds
100,Nemuro,JP,2022-07-22 17:12:47,43.3236,145.575,59.68,92,100,6.98,light rain
101,Riyadh,SA,2022-07-22 17:14:56,24.6877,46.7219,104.14,10,92,16.96,overcast clouds
102,Bathsheba,BB,2022-07-22 17:14:57,13.2167,-59.5167,86.61,81,40,17.27,scattered clouds
103,Lagoa,PT,2022-07-22 17:14:57,39.05,-27.9833,72.73,86,100,8.84,overcast clouds
104,Phan Thiet,VN,2022-07-22 17:14:58,10.9333,108.1,77.09,88,100,2.51,overcast clouds
105,Nanortalik,GL,2022-07-22 17:14:58,60.1432,-45.2371,48.06,81,38,5.44,scattered clouds
106,Gizo,SB,2022-07-22 17:14:58,-8.103,156.8419,81.5,74,55,5.59,broken clouds
107,Namibe,AO,2022-07-22 17:14:59,-15.1961,12.1522,64.08,84,13,8.66,few clouds
108,Dikson,RU,2022-07-22 17:14:59,73.5069,80.5464,53.29,73,100,10.83,overcast clouds
109,Lavrentiya,RU,2022-07-22 17:15:00,65.5833,-171.0,41.7,84,80,12.82,broken clouds
110,Quelimane,MZ,2022-07-22 17:15:00,-17.8786,36.8883,71.55,88,20,4.61,few clouds
111,Turbat,PK,2022-07-22 17:15:00,26.0023,63.044,86.49,68,100,12.57,overcast clouds
112,Celestun,MX,2022-07-22 17:15:01,20.8667,-90.4,88.5,58,27,5.19,scattered clouds
113,Springbok,ZA,2022-07-22 17:15:01,-29.6643,17.8865,56.88,42,68,4.88,broken clouds
114,Shakawe,BW,2022-07-22 17:15:02,-18.3667,21.85,66.0,40,83,3.4,broken clouds
115,Arraial Do Cabo,BR,2022-07-22 17:15:03,-22.9661,-42.0278,80.56,73,0,14.97,clear sky
116,Vestmannaeyjar,IS,2022-07-22 17:11:53,63.4427,-20.2734,51.44,94,100,9.04,light rain
117,Nago,JP,2022-07-22 17:15:03,26.5881,127.9761,85.05,87,27,9.6,scattered clouds
118,La Sarre,CA,2022-07-22 17:15:04,48.8002,-79.1996,74.82,53,4,11.54,clear sky
119,Pacific Grove,US,2022-07-22 17:15:04,36.6177,-121.9166,71.2,90,20,15.01,few clouds
120,Tuktoyaktuk,CA,2022-07-22 17:14:28,69.4541,-133.0374,56.37,71,86,6.8,overcast clouds
121,Mineiros,BR,2022-07-22 17:15:05,-17.5694,-52.5511,85.73,24,31,6.91,scattered clouds
122,Hirara,JP,2022-07-22 17:15:05,24.8,125.2833,84.72,78,54,12.68,broken clouds
123,Tiksi,RU,2022-07-22 17:12:34,71.6872,128.8694,43.27,82,52,5.64,broken clouds
124,Geraldton,AU,2022-07-22 17:10:08,-28.7667,114.6,50.41,93,76,13.8,broken clouds
125,The Valley,AI,2022-07-22 17:15:06,18.217,-63.0578,87.66,62,40,17.27,scattered clouds
126,Virtsu,EE,2022-07-22 17:15:06,58.5716,23.5115,78.06,74,6,4.18,clear sky
127,Ixtapa,MX,2022-07-22 17:15:07,20.7,-105.2,90.23,66,75,5.99,broken clouds
128,Katherine,AU,2022-07-22 17:15:07,-14.4667,132.2667,53.92,50,5,3.44,clear sky
129,Biak,ID,2022-07-22 17:15:08,-0.9131,122.8766,75.58,88,59,6.71,broken clouds
130,Kasongo,CD,2022-07-22 17:15:08,-4.45,26.6667,84.49,28,76,4.18,broken clouds
131,Rapid Valley,US,2022-07-22 17:15:09,44.0625,-103.1463,95.76,20,0,10.0,clear sky
132,San Lorenzo,PY,2022-07-22 17:12:50,-25.3333,-57.5333,85.14,42,0,14.97,clear sky
133,Cabo San Lucas,MX,2022-07-22 17:15:09,22.8909,-109.9124,99.7,46,0,4.61,clear sky
134,Busselton,AU,2022-07-22 17:16:10,-33.65,115.3333,58.93,81,29,17.07,scattered clouds
135,Gat,IL,2022-07-22 17:16:01,31.61,34.7642,83.8,100,0,9.62,clear sky
136,Zhigalovo,RU,2022-07-22 17:16:10,54.8097,105.1578,57.43,99,100,1.39,overcast clouds
137,Miyako,JP,2022-07-22 17:16:11,39.6367,141.9525,71.87,99,100,4.61,overcast clouds
138,Kozhva,RU,2022-07-22 17:16:11,65.1073,57.0459,52.95,65,7,5.03,clear sky
139,Amuntai,ID,2022-07-22 17:16:12,-2.4177,115.2494,74.71,96,99,0.98,overcast clouds
140,Fairbanks,US,2022-07-22 17:16:12,64.8378,-147.7164,52.61,85,100,5.75,overcast clouds
141,Indaial,BR,2022-07-22 17:16:13,-26.8978,-49.2317,80.62,73,43,1.45,scattered clouds
142,Saldanha,ZA,2022-07-22 17:16:13,-33.0117,17.9442,56.12,85,100,3.74,overcast clouds
143,Kifri,IQ,2022-07-22 17:16:13,34.6959,44.9661,99.7,12,0,10.78,clear sky
144,Puerto Cabezas,NI,2022-07-22 17:16:14,14.0351,-83.3888,84.16,89,40,11.5,scattered clouds
145,Ancud,CL,2022-07-22 17:16:14,-41.8697,-73.8203,40.23,96,100,11.5,moderate rain
146,Ivanteyevka,RU,2022-07-22 17:16:15,55.9711,37.9208,75.74,66,97,5.64,overcast clouds
147,Pasighat,IN,2022-07-22 17:16:15,28.0667,95.3333,77.59,86,100,2.89,overcast clouds
148,Mati,PH,2022-07-22 17:16:16,6.9551,126.2166,76.21,92,53,1.92,broken clouds
149,Kiama,AU,2022-07-22 17:16:16,-34.6833,150.8667,59.0,92,67,1.01,broken clouds
150,Kodiak,US,2022-07-22 17:16:17,57.79,-152.4072,53.11,58,0,6.91,clear sky
151,Palmer,US,2022-07-22 17:14:39,42.1584,-72.3287,91.89,45,40,11.5,scattered clouds
152,Shimoda,JP,2022-07-22 17:16:17,34.6667,138.95,78.1,86,0,15.93,clear sky
153,Tasiilaq,GL,2022-07-22 17:16:18,65.6145,-37.6368,42.96,75,67,4.56,broken clouds
154,La Palma,US,2022-07-22 17:16:18,33.8464,-118.0467,83.19,70,40,6.91,scattered clouds
155,Klaksvik,FO,2022-07-22 17:16:18,62.2266,-6.589,52.72,85,99,9.78,overcast clouds
156,Vao,NC,2022-07-22 17:16:19,-22.6667,167.4833,74.5,87,91,22.57,overcast clouds
157,Provideniya,RU,2022-07-22 17:15:48,64.3833,-173.3,42.57,80,63,9.28,broken clouds
158,Castro,BR,2022-07-22 17:16:19,-24.7911,-50.0119,74.86,39,33,6.58,scattered clouds
159,Kavieng,PG,2022-07-22 17:16:20,-2.5744,150.7967,81.7,78,39,10.31,light rain
160,Shaunavon,CA,2022-07-22 17:16:20,49.6501,-108.4181,79.32,30,86,11.27,overcast clouds
161,Jamestown,US,2022-07-22 17:16:21,42.097,-79.2353,83.05,68,75,6.91,broken clouds
162,Briancon,FR,2022-07-22 17:16:21,44.9,6.65,85.35,30,27,4.68,scattered clouds
163,Longyearbyen,SJ,2022-07-22 17:16:21,78.2186,15.6401,51.64,76,75,5.75,broken clouds
164,Ishikari,JP,2022-07-22 17:16:22,43.2397,141.3539,69.26,96,100,5.41,light rain
165,Orlik,RU,2022-07-22 17:16:22,52.5178,99.825,53.69,75,100,1.43,overcast clouds
166,Nuuk,GL,2022-07-22 17:16:23,64.1835,-51.7216,50.61,76,20,12.66,few clouds
167,Crossfield,CA,2022-07-22 17:16:23,51.4334,-114.0353,69.22,68,78,6.53,broken clouds
168,Mabaruma,GY,2022-07-22 17:16:24,8.2,-59.7833,86.5,59,52,6.82,broken clouds
169,Kalevala,RU,2022-07-22 17:16:24,65.2,31.1667,72.7,56,88,8.52,overcast clouds
170,Bengkulu,ID,2022-07-22 17:16:25,-3.8004,102.2655,75.81,89,87,4.68,overcast clouds
171,Rabo De Peixe,PT,2022-07-22 17:15:41,37.8,-25.5833,71.11,78,20,6.91,few clouds
172,Comodoro Rivadavia,AR,2022-07-22 17:16:25,-45.8667,-67.5,44.46,29,0,10.36,clear sky
173,Jackson,US,2022-07-22 17:15:28,42.4165,-122.8345,75.15,52,0,4.61,clear sky
174,Banepa,NP,2022-07-22 17:16:26,27.6298,85.5214,68.32,94,75,4.61,thunderstorm with light rain
175,Amga,RU,2022-07-22 17:16:26,60.8953,131.9608,66.42,81,100,2.46,overcast clouds
176,El Sauce,NI,2022-07-22 17:16:27,12.8869,-86.539,81.81,74,100,3.6,overcast clouds
177,Faya,SA,2022-07-22 17:16:27,18.3851,42.4509,69.91,48,34,5.82,scattered clouds
178,Kambove,CD,2022-07-22 17:17:28,-10.8764,26.5969,66.31,42,48,5.79,scattered clouds
179,Carnarvon,AU,2022-07-22 17:15:55,-24.8667,113.6333,64.13,65,0,15.48,clear sky
180,Agadez,NE,2022-07-22 17:17:28,19.75,10.25,103.15,14,36,8.46,scattered clouds
181,Matamoros,MX,2022-07-22 17:17:29,25.5333,-103.25,87.91,33,40,0.0,scattered clouds
182,Palmerston,AU,2022-07-22 17:17:29,-12.486,130.9833,63.03,88,30,4.61,scattered clouds
183,Saskylakh,RU,2022-07-22 17:17:30,71.9167,114.0833,47.5,73,100,6.64,overcast clouds
184,Clyde River,CA,2022-07-22 17:13:33,70.4692,-68.5914,53.73,54,75,3.8,broken clouds
185,Fort Nelson,CA,2022-07-22 17:17:31,58.8053,-122.7002,67.28,43,12,2.73,few clouds
186,Kurchum,KZ,2022-07-22 17:17:31,48.5722,83.6542,66.92,74,49,5.59,scattered clouds
187,Menongue,AO,2022-07-22 17:17:31,-14.6585,17.691,67.46,27,33,5.14,scattered clouds
188,Vila Velha,BR,2022-07-22 17:17:32,-20.3297,-40.2925,82.35,72,20,10.36,few clouds
189,Padang,ID,2022-07-22 17:17:33,-0.9492,100.3543,78.3,88,100,5.12,overcast clouds
190,Catamarca,AR,2022-07-22 17:17:33,-28.4696,-65.7852,83.59,38,0,3.0,clear sky
191,Bethel,US,2022-07-22 17:13:09,41.3712,-73.414,94.15,46,0,9.22,clear sky
192,Shingu,JP,2022-07-22 17:16:30,33.7333,135.9833,73.58,85,0,5.5,clear sky
193,Iqaluit,CA,2022-07-22 17:17:34,63.7506,-68.5145,45.7,81,76,5.01,broken clouds
194,College,US,2022-07-22 17:17:34,64.8569,-147.8028,52.59,85,100,5.75,overcast clouds
195,Coihaique,CL,2022-07-22 17:17:35,-45.5752,-72.0662,26.55,80,75,4.61,broken clouds
196,Hasaki,JP,2022-07-22 17:17:35,35.7333,140.8333,75.6,90,31,18.41,scattered clouds
197,Sao Carlos,BR,2022-07-22 17:13:54,-22.0175,-47.8908,79.81,27,16,5.21,few clouds
198,Severo-Kurilsk,RU,2022-07-22 17:14:25,50.6789,156.125,54.45,93,100,3.42,overcast clouds
199,Jutai,BR,2022-07-22 17:17:36,-5.1833,-68.9,89.46,55,13,1.34,few clouds
200,Khandyga,RU,2022-07-22 17:17:36,62.6667,135.6,63.64,94,99,2.44,light rain
201,Bunia,CD,2022-07-22 17:17:37,1.5667,30.25,70.41,54,61,6.71,broken clouds
202,Pevek,RU,2022-07-22 17:17:37,69.7008,170.3133,31.62,90,100,2.21,overcast clouds
203,Povoa De Varzim,PT,2022-07-22 17:16:41,41.3834,-8.7636,88.23,64,0,6.91,clear sky
204,Shima,CN,2022-07-22 17:17:38,24.4478,117.8111,86.02,91,2,2.21,clear sky
205,Coquimbo,CL,2022-07-22 17:17:39,-29.9533,-71.3436,55.13,82,100,2.3,overcast clouds
206,Kruisfontein,ZA,2022-07-22 17:17:39,-34.0033,24.7314,53.89,73,100,4.79,overcast clouds
207,Sakaiminato,JP,2022-07-22 17:17:39,35.55,133.2333,73.38,94,75,6.91,broken clouds
208,Gornopravdinsk,RU,2022-07-22 17:17:40,60.05,69.9,53.91,89,73,3.74,light rain
209,Ponta Do Sol,PT,2022-07-22 17:13:12,32.6667,-17.1,75.83,60,0,3.71,clear sky
210,Marinette,US,2022-07-22 17:17:40,45.1,-87.6307,86.45,45,0,9.22,clear sky
211,Tokur,RU,2022-07-22 17:17:41,53.1333,132.9,50.34,96,93,3.24,overcast clouds
212,Bubaque,GW,2022-07-22 17:17:41,11.2833,-15.8333,77.36,90,100,19.77,moderate rain
213,Ambikapur,IN,2022-07-22 17:17:42,23.1167,83.2,77.5,87,100,4.38,overcast clouds
214,Waingapu,ID,2022-07-22 17:17:42,-9.6567,120.2641,71.19,81,99,8.84,overcast clouds
215,Hjelset,NO,2022-07-22 17:17:43,62.7833,7.4833,58.17,67,75,11.5,broken clouds
216,Sobolevo,RU,2022-07-22 17:17:43,54.4299,31.8996,68.41,76,6,3.51,clear sky
217,Codrington,AU,2022-07-22 17:17:43,-38.2667,141.9667,51.15,91,100,7.27,light rain
218,Plettenberg Bay,ZA,2022-07-22 17:17:44,-34.0527,23.3716,57.49,68,81,2.95,broken clouds
219,Mecca,SA,2022-07-22 17:18:44,21.4267,39.8261,93.43,42,10,7.34,clear sky
220,Kalmunai,LK,2022-07-22 17:18:45,7.4167,81.8167,82.4,77,100,2.77,overcast clouds
221,Sao Joao Da Barra,BR,2022-07-22 17:18:45,-21.6403,-41.0511,80.69,72,2,12.66,clear sky
222,Dingle,PH,2022-07-22 17:17:00,10.9995,122.6711,77.0,90,75,4.5,broken clouds
223,Malibu,US,2022-07-22 17:18:46,34.005,-118.8101,82.08,74,16,6.08,few clouds
224,Saint-Philippe,RE,2022-07-22 17:18:46,-21.3585,55.7679,67.59,81,35,14.23,light rain
225,Coffs Harbour,AU,2022-07-22 17:18:47,-30.3,153.1333,57.16,82,75,13.8,broken clouds
226,Balkhash,KZ,2022-07-22 17:18:47,46.844,74.9804,81.39,27,16,15.93,few clouds
227,Male,MV,2022-07-22 17:18:47,4.1748,73.5089,82.04,76,100,18.25,overcast clouds
228,Beyneu,KZ,2022-07-22 17:18:48,45.3167,55.2,89.44,30,64,18.43,broken clouds
229,Grand-Lahou,CI,2022-07-22 17:18:48,5.1367,-5.0242,78.71,66,96,7.0,overcast clouds
230,Labuhan,ID,2022-07-22 17:18:49,-6.8844,112.2051,75.94,81,50,7.02,scattered clouds
231,Narsaq,GL,2022-07-22 17:17:12,60.9167,-46.05,62.82,59,59,6.51,broken clouds
232,Port Hueneme,US,2022-07-22 17:18:49,34.1478,-119.1951,82.33,80,100,5.75,haze
233,San Carlos De Bariloche,AR,2022-07-22 17:18:50,-41.1456,-71.3082,33.55,93,100,6.91,snow
234,Sibolga,ID,2022-07-22 17:18:50,1.7427,98.7792,76.69,90,86,4.18,overcast clouds
235,Natal,BR,2022-07-22 17:18:51,-5.795,-35.2094,86.22,62,40,18.41,scattered clouds
236,Spearfish,US,2022-07-22 17:18:51,44.4908,-103.8594,93.65,16,0,10.36,clear sky
237,Poum,NC,2022-07-22 17:18:51,-20.2333,164.0167,77.25,90,41,19.39,scattered clouds
238,Leningradskiy,RU,2022-07-22 17:18:52,69.3833,178.4167,32.27,94,97,8.57,overcast clouds
239,Srandakan,ID,2022-07-22 17:18:52,-7.9386,110.2506,74.84,84,80,5.1,broken clouds
240,Kamina,CD,2022-07-22 17:18:53,-8.7386,24.9906,72.79,33,49,5.17,scattered clouds
241,Svirstroy,RU,2022-07-22 17:18:53,60.7999,33.7248,71.89,59,72,3.62,broken clouds
242,Humberto De Campos,BR,2022-07-22 17:18:54,-2.5983,-43.4611,91.38,45,30,1.43,scattered clouds
243,Cocachacra,PE,2022-07-22 17:18:54,-17.0883,-71.7575,66.85,68,5,9.78,clear sky
244,Jalu,LY,2022-07-22 17:18:20,29.0331,21.5482,92.61,16,0,9.17,clear sky
245,Yulara,AU,2022-07-22 17:18:55,-25.2406,130.9889,59.38,32,90,8.01,overcast clouds
246,Westport,US,2022-07-22 17:15:00,41.1415,-73.3579,94.62,50,0,14.97,clear sky
247,Palaikastron,GR,2022-07-22 17:18:55,35.2,26.25,77.77,63,0,18.7,clear sky
248,Prieska,ZA,2022-07-22 17:18:56,-29.6641,22.7474,64.49,33,15,6.91,few clouds
249,Koulamoutou,GA,2022-07-22 17:18:56,-1.1303,12.4736,80.2,62,91,0.94,overcast clouds
250,Nioro,GM,2022-07-22 17:18:56,13.35,-15.75,76.87,90,100,9.57,light rain
251,Turayf,SA,2022-07-22 17:18:57,31.6725,38.6637,95.25,20,0,8.05,clear sky
252,Ust-Tsilma,RU,2022-07-22 17:18:57,65.441,52.1498,60.08,43,55,4.68,broken clouds
253,Tigzirt,DZ,2022-07-22 17:18:58,36.8886,4.1198,86.85,53,0,12.15,clear sky
254,Buala,SB,2022-07-22 17:18:58,-8.145,159.5921,78.98,81,8,4.74,clear sky
255,Los Llanos De Aridane,ES,2022-07-22 17:15:58,28.6585,-17.9182,71.35,73,20,18.41,few clouds
256,Roma,US,2022-07-22 17:18:03,43.2128,-75.4557,86.09,47,0,8.05,clear sky
257,Faanui,PF,2022-07-22 17:18:59,-16.4833,-151.75,77.65,74,13,10.29,few clouds
258,Saint-Joseph,RE,2022-07-22 17:18:59,-21.3667,55.6167,66.58,78,22,13.38,few clouds
259,Mahibadhoo,MV,2022-07-22 17:19:00,3.7833,72.9667,81.61,73,100,18.72,light rain
260,Ahipara,NZ,2022-07-22 17:19:00,-35.1667,173.1667,48.54,86,77,7.02,broken clouds
261,Torbay,CA,2022-07-22 17:19:01,47.6666,-52.7314,79.88,68,97,9.48,overcast clouds
262,Tateyama,JP,2022-07-22 17:19:01,34.9833,139.8667,79.11,82,3,18.32,clear sky
263,Nantucket,US,2022-07-22 17:16:57,41.2835,-70.0995,89.74,55,0,9.22,clear sky
264,Palora,EC,2022-07-22 17:16:14,-1.7,-77.9333,78.91,64,97,2.95,overcast clouds
265,Meulaboh,ID,2022-07-22 17:20:02,4.1363,96.1285,76.3,87,100,5.97,light rain
266,Komsomolskiy,UZ,2022-07-22 17:20:02,40.4272,71.7189,88.52,33,0,4.61,clear sky
267,Careiro Da Varzea,BR,2022-07-22 17:20:03,-3.2003,-59.8119,90.21,52,51,3.85,light rain
268,Ambilobe,MG,2022-07-22 17:20:03,-13.2,49.05,70.54,69,74,5.17,broken clouds
269,Jiazi,CN,2022-07-22 17:20:04,22.8779,116.067,82.22,84,34,6.17,scattered clouds
270,La Ronge,CA,2022-07-22 17:18:26,55.1001,-105.2842,53.55,73,100,2.44,overcast clouds
271,Tilichiki,RU,2022-07-22 17:20:04,60.4667,166.1,50.97,81,100,2.24,overcast clouds
272,Plaster Rock,CA,2022-07-22 17:20:05,46.9065,-67.39,83.95,57,70,9.73,broken clouds
273,Harwich,GB,2022-07-22 17:20:05,51.9419,1.2844,67.17,68,96,5.99,overcast clouds
274,Rosarito,MX,2022-07-22 17:20:05,32.3333,-117.0333,77.25,73,74,7.09,broken clouds
275,Nicoya,CR,2022-07-22 17:20:06,10.1483,-85.452,75.06,93,100,2.8,overcast clouds
276,Isangel,VU,2022-07-22 17:20:06,-19.55,169.2667,75.92,87,100,10.51,light rain
277,Colchester,GB,2022-07-22 17:20:07,51.8892,0.9042,68.29,75,98,10.65,overcast clouds
278,Hastings,GB,2022-07-22 17:20:07,50.8552,0.5729,70.79,69,66,17.63,broken clouds
279,Zaprudnya,RU,2022-07-22 17:20:07,56.5667,37.4333,68.25,72,22,5.46,few clouds
280,Ocampo,MX,2022-07-22 17:20:08,21.65,-101.5,73.81,23,89,6.91,overcast clouds
281,Peniche,PT,2022-07-22 17:20:08,39.3558,-9.3811,80.29,76,24,18.61,few clouds
282,Half Moon Bay,US,2022-07-22 17:15:17,37.4636,-122.4286,76.53,73,100,13.8,mist
283,Clarksburg,US,2022-07-22 17:15:36,39.2807,-80.3445,88.41,57,40,12.66,scattered clouds
284,Harper,LR,2022-07-22 17:20:09,4.375,-7.7169,79.16,62,45,7.81,scattered clouds
285,Baruun-Urt,MN,2022-07-22 17:20:10,46.6806,113.2792,61.48,60,100,5.14,overcast clouds
286,Pangoa,PE,2022-07-22 17:20:10,-12.1167,-73.0,86.92,45,42,4.79,scattered clouds
287,Gombe,NG,2022-07-22 17:20:10,10.2897,11.1673,79.92,72,98,9.64,overcast clouds
288,Novonikolayevskiy,RU,2022-07-22 17:20:11,50.9738,42.3649,64.78,86,100,6.87,overcast clouds
289,Dombas,NO,2022-07-22 17:20:11,62.0696,9.1235,62.55,58,100,5.73,overcast clouds
290,Flinders,AU,2022-07-22 17:20:12,-34.5833,150.8552,51.19,90,70,5.01,broken clouds
291,Progreso,MX,2022-07-22 17:20:12,21.2833,-89.6667,93.11,58,31,10.92,scattered clouds
292,Opuwo,NA,2022-07-22 17:20:13,-18.0607,13.84,69.69,20,0,6.49,clear sky
293,Blackwater,AU,2022-07-22 17:20:13,-23.5833,148.8833,56.48,85,49,9.33,scattered clouds
294,Margate,GB,2022-07-22 17:20:13,51.3813,1.3862,68.31,76,100,3.0,overcast clouds
295,Paamiut,GL,2022-07-22 17:20:14,61.994,-49.6678,47.16,80,7,5.66,clear sky
296,Akyab,MM,2022-07-22 17:20:14,20.15,92.9,81.19,85,100,9.26,light rain
297,Mount Gambier,AU,2022-07-22 17:20:15,-37.8333,140.7667,50.85,97,100,8.9,light rain
298,Airai,TL,2022-07-22 17:20:15,-8.9266,125.4092,52.25,77,78,2.28,broken clouds
299,Pangody,RU,2022-07-22 17:20:15,65.85,74.4859,46.89,84,100,3.6,overcast clouds
300,Klyuchi,RU,2022-07-22 17:20:16,52.2667,79.1667,66.06,61,54,8.55,broken clouds
301,Pathein,MM,2022-07-22 17:20:16,16.7833,94.7333,75.34,92,100,4.9,overcast clouds
302,Swellendam,ZA,2022-07-22 17:20:17,-34.0226,20.4417,54.19,58,100,1.83,overcast clouds
303,Yerbogachen,RU,2022-07-22 17:20:17,61.2767,108.0108,62.08,69,100,5.14,overcast clouds
304,San Jose,US,2022-07-22 17:20:16,37.3394,-121.895,78.93,59,20,5.75,few clouds
305,Huilong,CN,2022-07-22 17:20:18,31.8111,121.655,82.92,91,79,9.73,broken clouds
306,Ipaussu,BR,2022-07-22 17:20:18,-23.0553,-49.6284,83.01,26,30,4.18,scattered clouds
307,Pisco,PE,2022-07-22 17:20:18,-13.7,-76.2167,62.65,77,1,11.5,smoke
308,Whitehaven,GB,2022-07-22 17:20:19,54.549,-3.5841,62.65,81,100,1.99,overcast clouds
309,Makat,KZ,2022-07-22 17:20:19,47.6469,53.3463,81.81,37,4,6.64,clear sky
310,Santiago De Compostela,ES,2022-07-22 17:20:20,42.8805,-8.5457,78.35,68,20,14.97,few clouds
311,Sri Aman,MY,2022-07-22 17:20:20,1.2376,111.4621,75.25,94,97,1.14,light rain
312,Songjianghe,CN,2022-07-22 17:20:21,42.1859,127.479,59.2,97,36,3.11,scattered clouds
313,Teguise,ES,2022-07-22 17:21:21,29.0605,-13.564,80.82,58,20,17.27,few clouds
314,Ferme-Neuve,CA,2022-07-22 17:21:22,46.7001,-75.4493,79.14,46,33,7.65,scattered clouds
315,Venezuela,VE,2022-07-22 17:21:22,8.0,-66.0,86.86,58,81,16.08,broken clouds
316,Maxixe,MZ,2022-07-22 17:21:23,-23.8597,35.3472,66.02,88,20,0.0,few clouds
317,Alofi,NU,2022-07-22 17:19:51,-19.0595,-169.9187,64.29,100,58,1.14,broken clouds
318,Yafran,LY,2022-07-22 17:21:23,32.0633,12.5286,83.68,23,0,20.4,clear sky
319,Mahebourg,MU,2022-07-22 17:21:24,-20.4081,57.7,70.09,83,40,12.66,scattered clouds
320,Baykit,RU,2022-07-22 17:17:11,61.67,96.37,58.64,96,47,3.31,scattered clouds
321,Suntar,RU,2022-07-22 17:21:24,62.1444,117.6319,59.04,91,95,3.87,overcast clouds
322,Nador,MA,2022-07-22 17:21:25,35.174,-2.9287,87.87,74,20,5.75,few clouds
323,Vagur,FO,2022-07-22 17:21:25,61.4732,-6.8119,51.48,85,100,8.99,overcast clouds
324,Iskateley,RU,2022-07-22 17:21:25,67.6803,53.1512,52.84,60,63,8.81,broken clouds
325,Goderich,CA,2022-07-22 17:21:26,43.7501,-81.7165,76.91,75,0,6.71,clear sky
326,Kirya,TZ,2022-07-22 17:21:26,-3.9167,37.4833,71.98,55,52,17.54,broken clouds
327,Luganville,VU,2022-07-22 17:21:27,-15.5333,167.1667,77.68,86,99,8.03,light rain
328,Gimli,CA,2022-07-22 17:21:27,50.6336,-96.9907,68.85,63,2,16.69,clear sky
329,Staroye Drozhzhanoye,RU,2022-07-22 17:21:27,54.7266,47.5677,63.68,84,21,5.93,light rain
330,Mitchell,US,2022-07-22 17:19:40,43.7094,-98.0298,85.98,48,0,4.61,clear sky
331,Mangrol,IN,2022-07-22 17:21:28,21.1167,70.1167,81.12,84,99,15.7,overcast clouds
332,Cap Malheureux,MU,2022-07-22 17:21:28,-19.9842,57.6142,69.48,76,45,5.01,scattered clouds
333,Huntington,US,2022-07-22 17:16:46,38.4193,-82.4452,91.87,61,0,6.91,clear sky
334,Lompoc,US,2022-07-22 17:21:29,34.6391,-120.4579,76.93,84,100,8.01,mist
335,Kez,RU,2022-07-22 17:21:29,57.8979,53.7152,64.18,84,99,5.08,overcast clouds
336,Henties Bay,NA,2022-07-22 17:21:30,-22.116,14.2845,60.89,69,0,8.55,clear sky
337,Muros,ES,2022-07-22 17:21:30,42.7762,-9.0603,81.16,60,10,15.12,clear sky
338,Carutapera,BR,2022-07-22 17:21:31,-1.195,-46.02,88.25,52,56,6.33,broken clouds
339,Kawalu,ID,2022-07-22 17:21:31,-7.3817,108.2082,71.53,96,97,1.34,overcast clouds
340,San Joaquin,US,2022-07-22 17:21:32,37.9333,-121.3011,87.51,32,0,4.61,clear sky
341,Vila,PT,2022-07-22 17:21:32,42.0304,-8.1588,76.69,46,31,8.75,scattered clouds
342,Jiaohe,CN,2022-07-22 17:21:32,43.7286,127.3447,63.97,94,0,2.46,clear sky
343,Omsukchan,RU,2022-07-22 17:21:33,62.5333,155.8,44.22,63,2,3.38,clear sky
344,Huangnihe,CN,2022-07-22 17:21:33,43.5583,128.0239,62.13,96,70,0.47,broken clouds
345,Fortuna,US,2022-07-22 17:21:34,40.5982,-124.1573,60.66,85,69,1.01,broken clouds
346,Yining,CN,2022-07-22 17:21:34,29.0361,114.5636,80.64,82,28,2.77,scattered clouds
347,Kuloy,RU,2022-07-22 17:21:34,61.0305,42.4925,71.13,70,80,5.3,broken clouds
348,Tigil,RU,2022-07-22 17:21:35,57.8,158.6667,48.22,80,0,2.64,clear sky
349,Yar-Sale,RU,2022-07-22 17:21:35,66.8333,70.8333,45.32,96,100,13.42,light rain
350,Whyalla,AU,2022-07-22 17:21:36,-33.0333,137.5833,56.89,67,99,9.51,overcast clouds
351,Khartoum,SD,2022-07-22 17:21:36,15.5518,32.5324,94.01,37,46,6.89,scattered clouds
352,Sharjah,AE,2022-07-22 17:18:02,25.3573,55.4033,102.18,44,0,9.22,clear sky
353,Aklavik,CA,2022-07-22 17:21:36,68.2191,-135.0107,68.02,49,56,3.98,broken clouds
354,Jupiter,US,2022-07-22 17:21:37,26.9342,-80.0942,92.03,70,40,9.22,scattered clouds
355,Rafaela,AR,2022-07-22 17:20:14,-31.2503,-61.4867,77.0,44,66,5.01,broken clouds
356,Xuddur,SO,2022-07-22 17:21:37,4.1213,43.8894,76.53,59,99,20.83,overcast clouds
357,Bang Saphan,TH,2022-07-22 17:21:38,11.2126,99.5117,76.06,91,100,3.13,overcast clouds
358,Formosa,AR,2022-07-22 17:21:07,-26.1775,-58.1781,87.78,40,0,8.05,clear sky
359,Ilinskoye-Khovanskoye,RU,2022-07-22 17:21:38,56.9718,39.7684,69.96,66,11,6.24,few clouds
360,Grindavik,IS,2022-07-22 17:21:39,63.8424,-22.4338,55.87,82,75,6.91,broken clouds
361,Roald,NO,2022-07-22 17:22:39,62.5833,6.1333,61.16,77,40,16.11,scattered clouds
362,Thinadhoo,MV,2022-07-22 17:21:16,0.5333,72.9333,82.04,73,100,8.05,overcast clouds
363,Guadalajara,MX,2022-07-22 17:21:52,20.6667,-103.3333,82.98,52,40,4.61,scattered clouds
364,Kalabo,ZM,2022-07-22 17:22:40,-14.97,22.6814,71.67,32,98,4.14,overcast clouds
365,Vostok,RU,2022-07-22 17:19:41,46.4856,135.8833,57.15,97,96,3.11,light rain
366,Kushiro,JP,2022-07-22 17:22:41,42.975,144.3747,59.94,98,100,10.45,light rain
367,Selkirk,CA,2022-07-22 17:22:41,50.1436,-96.8845,78.17,62,2,13.94,clear sky
368,Sioux City,US,2022-07-22 17:19:58,42.5,-96.4003,83.79,51,40,8.05,scattered clouds
369,Oktyabrskiy,RU,2022-07-22 17:22:42,54.4815,53.471,64.4,78,7,4.79,clear sky
370,Mogok,MM,2022-07-22 17:22:42,22.9167,96.5,67.14,97,99,2.82,overcast clouds
371,Havoysund,NO,2022-07-22 17:22:13,70.9963,24.6622,55.63,91,60,23.04,broken clouds
372,Forssa,FI,2022-07-22 17:22:43,60.8146,23.6215,82.4,53,28,8.99,scattered clouds
373,Aykhal,RU,2022-07-22 17:22:43,66.0,111.5,53.19,84,64,2.39,broken clouds
374,Ozernovskiy,RU,2022-07-22 17:22:44,51.5,156.5167,52.59,98,78,3.06,broken clouds
375,Sept-Iles,CA,2022-07-22 17:21:03,50.2001,-66.3821,59.05,97,98,4.0,overcast clouds
376,Kavaratti,IN,2022-07-22 17:19:20,10.5669,72.642,81.1,79,100,19.13,overcast clouds
377,Deputatskiy,RU,2022-07-22 17:22:44,69.3,139.9,45.19,71,71,3.36,broken clouds
378,Ayan,RU,2022-07-22 17:22:45,56.45,138.1667,56.95,91,67,5.77,broken clouds
379,Dodge City,US,2022-07-22 17:18:56,37.7528,-100.0171,94.24,41,0,16.11,clear sky
380,Bosobolo,CD,2022-07-22 17:22:45,4.1833,19.9,68.56,100,100,2.62,moderate rain
381,Mareeba,AU,2022-07-22 17:22:46,-17.0,145.4333,61.52,90,90,2.21,overcast clouds
382,Neiafu,TO,2022-07-22 17:22:46,-18.65,-173.9833,65.08,100,20,0.0,few clouds
383,Novyy Urengoy,RU,2022-07-22 17:22:47,66.0833,76.6333,49.59,71,100,6.31,overcast clouds
384,Seydi,TM,2022-07-22 17:22:47,39.4816,62.9137,99.45,11,0,12.66,clear sky
385,Jishou,CN,2022-07-22 17:22:48,28.3167,109.7167,78.31,85,89,2.84,overcast clouds
386,Cherskiy,RU,2022-07-22 17:22:48,68.75,161.3,33.94,87,24,5.48,few clouds
387,Sao Sebastiao,BR,2022-07-22 17:22:48,-23.76,-45.4097,77.38,55,26,3.22,scattered clouds
388,Hambantota,LK,2022-07-22 17:22:49,6.1241,81.1185,79.57,81,98,19.95,overcast clouds
389,Luderitz,NA,2022-07-22 17:22:49,-26.6481,15.1594,61.07,68,13,14.36,few clouds
390,Kutum,SD,2022-07-22 17:22:50,14.2,24.6667,87.4,28,11,7.65,few clouds
391,Muheza,TZ,2022-07-22 17:22:50,-5.1667,38.7833,68.18,88,16,1.19,few clouds
392,Vardo,NO,2022-07-22 17:19:38,70.3705,31.1107,53.58,87,75,14.97,broken clouds
393,Kaspiysk,RU,2022-07-22 17:22:51,42.8816,47.6392,75.38,69,20,2.24,few clouds
394,Tabou,CI,2022-07-22 17:22:52,4.423,-7.3528,79.0,63,31,7.45,scattered clouds
395,Novochernorechenskiy,RU,2022-07-22 17:22:52,56.2669,91.0828,55.58,96,58,5.08,broken clouds
396,San Cristobal,VE,2022-07-22 17:22:52,7.7669,-72.225,82.58,43,100,8.23,overcast clouds
397,Bauchi,NG,2022-07-22 17:22:53,10.5,10.0,80.28,69,95,5.88,light rain
398,Sabha,LY,2022-07-22 17:22:53,27.0377,14.4283,92.44,15,0,10.36,clear sky
399,Asau,RO,2022-07-22 17:22:54,46.4333,26.4,85.28,42,0,5.55,clear sky
400,Kahului,US,2022-07-22 17:22:54,20.8947,-156.47,78.84,72,20,14.97,few clouds
401,Hulan Ergi,CN,2022-07-22 17:22:54,47.2042,123.6333,67.57,93,8,2.3,moderate rain
402,Kamennogorsk,RU,2022-07-22 17:22:55,60.9545,29.1339,80.29,57,29,6.13,scattered clouds
403,Waipawa,NZ,2022-07-22 17:22:55,-41.4122,175.5153,39.51,74,44,4.0,scattered clouds
404,Moree,AU,2022-07-22 17:22:56,-29.4667,149.85,51.57,74,10,10.33,clear sky
405,Itoman,JP,2022-07-22 17:23:56,26.1247,127.6694,84.97,87,75,10.36,broken clouds
406,Valer,NO,2022-07-22 17:23:57,60.6785,11.8331,59.14,90,100,0.31,overcast clouds
407,Kaseda,JP,2022-07-22 17:23:57,31.4167,130.3167,76.05,81,1,9.42,clear sky
408,Merauke,ID,2022-07-22 17:23:57,-8.4667,140.3333,75.45,90,57,10.71,broken clouds
409,Sciacca,IT,2022-07-22 17:23:58,37.5082,13.0881,88.65,53,0,6.31,clear sky
410,Talnakh,RU,2022-07-22 17:23:58,69.4865,88.3972,67.21,62,74,5.53,broken clouds
411,Leshukonskoye,RU,2022-07-22 17:23:59,64.8989,45.7622,69.8,64,90,4.56,overcast clouds
412,Pangnirtung,CA,2022-07-22 17:23:59,66.1451,-65.7125,54.01,58,39,3.2,scattered clouds
413,Lumberton,US,2022-07-22 17:24:00,34.6182,-79.0086,92.91,74,40,8.05,scattered clouds
414,Port Augusta,AU,2022-07-22 17:22:03,-32.5,137.7667,56.71,63,100,9.08,overcast clouds
415,Collingwood,CA,2022-07-22 17:23:51,44.4834,-80.2164,86.38,67,37,6.73,scattered clouds
416,Xuanwu,CN,2022-07-22 17:24:00,32.069,118.8138,85.95,88,99,4.63,overcast clouds
417,Naze,JP,2022-07-22 17:24:01,28.3667,129.4833,77.92,85,68,7.43,broken clouds
418,Suluq,LY,2022-07-22 17:24:01,31.6682,20.2521,85.42,38,0,21.07,clear sky
419,Manzhouli,CN,2022-07-22 17:24:02,49.6,117.4333,68.07,69,23,7.07,few clouds
420,Zeya,RU,2022-07-22 17:24:02,53.75,127.2667,61.36,85,11,2.64,few clouds
421,Mollendo,PE,2022-07-22 17:24:02,-17.0231,-72.0147,64.54,74,13,11.16,few clouds
422,Dengzhou,CN,2022-07-22 17:24:03,37.8086,120.7508,75.34,78,100,5.23,overcast clouds
423,Tautira,PF,2022-07-22 17:24:03,-17.7333,-149.15,75.58,80,52,10.92,light rain
424,Shieli,KZ,2022-07-22 17:24:04,44.1667,66.75,93.25,18,0,10.58,clear sky
425,Itarema,BR,2022-07-22 17:24:04,-2.9248,-39.9167,87.33,55,54,15.86,broken clouds
426,Todos Santos,MX,2022-07-22 17:24:04,23.45,-110.2167,99.3,77,75,7.43,broken clouds
427,Porto Novo,BJ,2022-07-22 17:24:05,6.4965,2.6036,78.62,73,99,10.22,overcast clouds
428,Bonavista,CA,2022-07-22 17:24:05,48.6499,-53.1147,65.05,76,72,12.46,broken clouds
429,Mitsamiouli,KM,2022-07-22 17:24:06,-11.3847,43.2844,77.29,73,20,5.75,light rain
430,Mahon,ES,2022-07-22 17:24:06,39.8885,4.2658,88.36,55,0,10.36,clear sky
431,Vanimo,PG,2022-07-22 17:24:06,-2.6741,141.3028,76.96,91,60,4.41,broken clouds
432,Lethem,GY,2022-07-22 17:24:07,3.3803,-59.7968,86.11,65,98,8.66,overcast clouds
433,Pinawa,CA,2022-07-22 17:24:08,50.1489,-95.8811,72.79,53,1,12.08,clear sky
434,Killybegs,IE,2022-07-22 17:24:08,54.6333,-8.45,69.51,65,95,1.83,overcast clouds
435,Sambava,MG,2022-07-22 17:24:08,-14.2667,50.1667,69.85,84,12,12.57,light rain
436,Dhandhuka,IN,2022-07-22 17:24:09,22.3667,71.9833,82.9,77,93,14.7,overcast clouds
437,Sorland,NO,2022-07-22 17:22:05,67.667,12.6934,51.66,79,76,22.15,broken clouds
438,Waverly,US,2022-07-22 17:23:57,42.7392,-84.6208,85.55,45,0,16.11,clear sky
439,Gotsu,JP,2022-07-22 17:24:10,35.0,132.2167,72.16,89,49,3.83,scattered clouds
440,Pochutla,MX,2022-07-22 17:24:11,15.7432,-96.4661,83.82,73,100,1.32,overcast clouds
441,La Crosse,US,2022-07-22 17:21:50,43.8014,-91.2396,84.76,56,0,6.91,clear sky
442,Ulaangom,MN,2022-07-22 17:21:58,49.9811,92.0667,60.3,68,63,1.77,broken clouds
443,Patamundai,IN,2022-07-22 17:24:11,20.5667,86.5667,81.07,88,100,4.52,overcast clouds
444,Touros,BR,2022-07-22 17:24:12,-5.1989,-35.4608,82.2,68,92,15.03,overcast clouds
445,Yangcun,CN,2022-07-22 17:24:12,39.3639,117.0603,73.38,77,100,8.08,light rain
446,Nenjiang,CN,2022-07-22 17:24:13,49.1833,125.2167,65.73,76,72,5.03,broken clouds
447,Bereda,ES,2022-07-22 17:24:13,43.2686,-7.5406,65.41,55,56,8.03,broken clouds
448,Urambo,TZ,2022-07-22 17:24:13,-5.0667,32.05,75.29,32,29,4.83,scattered clouds
449,Mnogovershinnyy,RU,2022-07-22 17:24:14,53.9353,139.9242,48.88,77,85,4.34,overcast clouds
450,Rosehearty,GB,2022-07-22 17:25:14,57.697,-2.1132,60.67,73,97,9.8,overcast clouds
451,Kilifi,KE,2022-07-22 17:25:15,-3.6305,39.8499,73.96,82,6,15.68,clear sky
452,Necochea,AR,2022-07-22 17:23:46,-38.5473,-58.7368,51.64,63,100,4.68,overcast clouds
453,Olinda,BR,2022-07-22 17:23:11,-8.0089,-34.8553,80.33,65,75,14.97,broken clouds
454,Boa Vista,BR,2022-07-22 17:24:00,2.8197,-60.6733,85.98,70,40,9.22,scattered clouds
455,Coahuayana,MX,2022-07-22 17:25:16,18.7333,-103.6833,90.5,59,82,4.0,broken clouds
456,Eenhana,NA,2022-07-22 17:25:16,-17.4667,16.3333,68.27,22,0,5.23,clear sky
457,Verkhnyaya Inta,RU,2022-07-22 17:25:17,65.9811,60.3094,50.58,66,100,6.85,overcast clouds
458,Jumla,NP,2022-07-22 17:25:17,29.2747,82.1838,64.09,96,99,0.96,overcast clouds
459,Urla,TR,2022-07-22 17:25:18,38.3229,26.764,91.8,28,0,19.28,clear sky
460,Sandnessjoen,NO,2022-07-22 17:25:18,66.0217,12.6316,54.12,83,75,5.01,broken clouds
461,Borovoy,RU,2022-07-22 17:25:19,55.4333,86.0833,60.08,94,40,8.95,scattered clouds
462,Vilcun,CL,2022-07-22 17:25:19,-38.65,-72.2333,53.29,93,100,8.99,light rain
463,Yanam,IN,2022-07-22 17:25:19,16.7333,82.2167,79.5,82,100,7.72,overcast clouds
464,Taltal,CL,2022-07-22 17:25:20,-25.4,-70.4833,61.27,72,100,4.68,overcast clouds
465,Aripuana,BR,2022-07-22 17:25:20,-9.1667,-60.6333,95.95,26,47,3.89,scattered clouds
466,Beeskow,DE,2022-07-22 17:25:21,52.1667,14.25,82.35,60,79,7.47,broken clouds
467,Semnan,IR,2022-07-22 17:25:21,35.5729,53.3971,96.64,10,0,0.0,clear sky
468,Osakarovka,KZ,2022-07-22 17:25:21,50.565,72.5692,65.66,52,57,4.41,broken clouds
469,Nihommatsu,JP,2022-07-22 17:25:22,37.5833,140.4333,74.3,64,72,1.99,broken clouds
470,Murici,BR,2022-07-22 17:25:22,-9.3067,-35.9433,79.09,87,98,8.21,overcast clouds
471,Saint-Gaudens,FR,2022-07-22 17:25:23,43.0833,0.6667,80.78,53,88,8.14,overcast clouds
472,Sarajevo,BA,2022-07-22 17:25:23,43.8486,18.3564,91.31,27,20,5.75,few clouds
473,Sawai Madhopur,IN,2022-07-22 17:25:23,25.9833,76.3667,80.56,82,100,7.67,overcast clouds
474,Berlevag,NO,2022-07-22 17:25:24,70.8578,29.0864,55.4,87,100,19.57,overcast clouds
475,Leua,SK,2022-07-22 17:25:24,48.2156,18.6071,93.49,22,15,10.78,few clouds
476,Mao,ES,2022-07-22 17:23:52,39.8885,4.2658,88.36,55,0,10.36,clear sky
477,Tamala,RU,2022-07-22 17:25:25,52.541,43.2515,62.58,74,68,6.91,light rain
478,Inhambane,MZ,2022-07-22 17:25:25,-23.865,35.3833,66.18,88,20,0.0,few clouds
479,Madimba,TZ,2022-07-22 17:25:26,-10.4,40.3333,72.91,78,1,13.76,clear sky
480,Tari,NG,2022-07-22 17:25:26,12.4086,4.4914,89.62,50,89,4.29,overcast clouds
481,Nouadhibou,MR,2022-07-22 17:25:27,20.931,-17.0347,80.58,74,22,12.66,dust
482,Lakeland Highlands,US,2022-07-22 17:25:27,27.9597,-81.9501,95.43,59,40,6.91,scattered clouds
483,Assare,BR,2022-07-22 17:25:27,-6.8744,-39.875,91.47,23,37,9.1,scattered clouds
484,Saint Augustine,US,2022-07-22 17:20:49,29.8947,-81.3145,95.14,69,5,10.56,clear sky
485,Kenai,US,2022-07-22 17:21:32,60.5544,-151.2583,54.09,81,40,10.36,scattered clouds
486,Jos,NG,2022-07-22 17:25:28,9.9167,8.9,70.63,87,97,3.71,moderate rain
487,Dukat,RU,2022-07-22 17:25:29,62.55,155.55,42.94,64,1,2.8,clear sky
488,Dunedin,NZ,2022-07-22 17:24:40,-45.8742,170.5036,43.81,77,92,4.0,overcast clouds
489,Nyurba,RU,2022-07-22 17:25:29,63.2842,118.3319,62.83,79,100,3.78,overcast clouds
490,Carballo,ES,2022-07-22 17:25:30,43.213,-8.691,73.0,74,18,11.14,few clouds
491,Dawlatabad,AF,2022-07-22 17:25:30,36.4141,64.9053,94.17,9,0,3.15,clear sky
492,Barsovo,RU,2022-07-22 17:25:30,61.1667,73.1667,55.53,63,47,7.02,scattered clouds
493,Kanpur,IN,2022-07-22 17:25:31,26.4667,80.35,85.03,74,100,7.29,overcast clouds
494,Waddan,LY,2022-07-22 17:25:31,29.1614,16.139,91.08,18,0,11.01,clear sky
495,Hobyo,SO,2022-07-22 17:25:32,5.3505,48.5268,76.73,82,71,22.46,broken clouds
496,Marsh Harbour,BS,2022-07-22 17:26:32,26.5412,-77.0636,84.38,69,2,13.53,clear sky
497,Tromso,NO,2022-07-22 17:24:20,69.6496,18.957,53.62,76,75,9.22,broken clouds
498,Lanzhou,CN,2022-07-22 17:26:32,36.0564,103.7922,71.62,39,0,2.21,clear sky
499,Andenes,NO,2022-07-22 17:26:33,69.3143,16.1194,52.93,82,75,21.85,broken clouds
500,Champerico,GT,2022-07-22 17:26:33,14.3,-91.9167,90.14,75,86,6.64,overcast clouds
501,Beaufort,MY,2022-07-22 17:26:34,5.3473,115.7455,74.59,96,95,3.0,overcast clouds
502,Aitape,PG,2022-07-22 17:26:34,-3.1374,142.3475,76.93,90,17,4.56,few clouds
503,Praya,CV,2022-07-22 17:22:24,14.9215,-23.5087,81.14,74,75,5.75,broken clouds
504,Darhan,MN,2022-07-22 17:26:35,49.4867,105.9228,55.58,89,94,4.23,overcast clouds
505,Yuganets,RU,2022-07-22 17:26:35,56.2508,43.2307,70.9,72,10,6.06,clear sky
506,Atar,MR,2022-07-22 17:26:35,20.5169,-13.0499,95.36,38,97,7.25,light rain
507,Kastamonu,TR,2022-07-22 17:26:36,41.5,33.6667,59.65,69,0,6.26,clear sky
508,Babaeski,TR,2022-07-22 17:26:36,41.4325,27.0931,85.17,27,4,11.72,clear sky
509,San Ramon De La Nueva Oran,AR,2022-07-22 17:26:37,-23.1322,-64.326,84.42,34,14,3.67,few clouds
510,Les Cayes,HT,2022-07-22 17:24:34,18.2,-73.75,88.3,62,40,14.09,scattered clouds
511,Bilibino,RU,2022-07-22 17:26:37,68.0546,166.4372,34.43,85,79,5.86,broken clouds
512,Kedrovyy,RU,2022-07-22 17:26:38,56.1667,91.8167,54.01,97,46,4.85,scattered clouds
513,Nagua,DO,2022-07-22 17:26:38,19.3832,-69.8474,82.45,83,75,17.27,broken clouds
514,Nianzishan,CN,2022-07-22 17:26:38,47.5167,122.8833,67.33,96,32,3.27,light rain
515,Esso,RU,2022-07-22 17:26:39,55.9333,158.7,49.41,80,15,4.43,few clouds
516,Paicandu,BR,2022-07-22 17:26:39,-23.4575,-52.0486,84.87,32,0,12.66,clear sky
517,Clonakilty,IE,2022-07-22 17:26:40,51.6231,-8.8706,63.61,90,97,11.03,overcast clouds
518,Salalah,OM,2022-07-22 17:26:40,17.0151,54.0924,77.09,94,75,5.75,broken clouds
519,Gunjur,GM,2022-07-22 17:26:40,13.2019,-16.7339,80.67,94,75,1.14,thunderstorm
520,Puerto Carreno,CO,2022-07-22 17:26:41,6.189,-67.4859,84.92,69,58,5.88,broken clouds
521,Bowen,AU,2022-07-22 17:26:41,-20.0167,148.2333,58.57,62,0,5.88,clear sky
522,Vaitape,PF,2022-07-22 17:26:42,-16.5167,-151.75,77.63,74,13,10.22,few clouds
523,Ritchie,ZA,2022-07-22 17:26:42,-29.038,24.6028,54.61,35,17,10.98,few clouds
524,Jizan,SA,2022-07-22 17:26:42,17.3333,42.6667,90.54,53,41,9.64,scattered clouds
525,San Jeronimo,PE,2022-07-22 17:26:43,-11.9472,-75.2829,61.65,25,35,3.02,scattered clouds
526,Hervey Bay,AU,2022-07-22 17:26:43,-25.2986,152.8535,63.21,83,95,20.78,overcast clouds
527,Balod,IN,2022-07-22 17:26:44,20.73,81.2047,76.93,91,100,5.88,very heavy rain
528,Sangar,RU,2022-07-22 17:26:44,63.9242,127.4739,56.14,96,42,4.03,scattered clouds
529,Stargard Szczecinski,PL,2022-07-22 17:26:44,53.3367,15.0499,74.14,19,90,4.0,overcast clouds
530,Rybnaya Sloboda,RU,2022-07-22 17:26:45,55.4613,50.1409,65.79,75,7,4.07,clear sky
531,Hamilton,US,2022-07-22 17:25:41,39.1834,-84.5333,91.65,60,20,18.41,haze
532,Clearwater,US,2022-07-22 17:24:05,27.9659,-82.8001,95.22,67,0,5.99,clear sky
533,Aranos,NA,2022-07-22 17:26:46,-24.1333,19.1167,63.28,31,0,8.01,clear sky
534,Sur,OM,2022-07-22 17:26:46,22.5667,59.5289,89.04,64,83,8.43,broken clouds
535,Altamira,BR,2022-07-22 17:26:47,-3.2033,-52.2064,93.11,35,64,4.09,broken clouds
536,Alencon,FR,2022-07-22 17:26:47,48.4333,0.0833,76.1,56,91,8.59,overcast clouds
537,Normandin,CA,2022-07-22 17:26:48,48.8333,-72.5321,75.25,59,48,6.55,scattered clouds
538,Chicama,PE,2022-07-22 17:26:48,-7.8447,-79.1469,61.34,60,41,8.63,scattered clouds
539,Musayelyan,AM,2022-07-22 17:26:48,40.7577,43.9927,63.05,55,20,9.22,few clouds
540,Akdepe,TM,2022-07-22 17:26:21,42.0551,59.3788,98.69,12,0,6.91,clear sky
541,Mandalgovi,MN,2022-07-22 17:26:49,45.7625,106.2708,58.59,56,54,5.26,broken clouds
542,Pag,HR,2022-07-22 17:26:49,44.445,15.0575,93.78,46,2,1.81,clear sky
543,Kitgum,UG,2022-07-22 17:27:50,3.2783,32.8867,70.54,77,62,2.73,broken clouds
544,Mogadouro,PT,2022-07-22 17:27:50,41.3403,-6.7119,91.44,15,50,6.76,scattered clouds
545,Huarmey,PE,2022-07-22 17:27:51,-10.0681,-78.1522,65.86,75,59,6.35,broken clouds
546,Balikpapan,ID,2022-07-22 17:27:51,-1.2675,116.8289,77.99,94,20,3.44,few clouds
547,Beringovskiy,RU,2022-07-22 17:27:52,63.05,179.3167,49.69,68,100,8.57,overcast clouds
548,Orange,US,2022-07-22 17:27:52,33.7,-117.7675,86.23,75,40,6.91,scattered clouds
549,Eskisehir,TR,2022-07-22 17:27:52,39.7767,30.5206,73.31,40,0,14.97,clear sky
550,Ahwa,IN,2022-07-22 17:27:53,20.75,73.6833,73.44,90,100,5.21,overcast clouds
551,Rio Gallegos,AR,2022-07-22 17:27:53,-51.6226,-69.2181,37.45,60,0,32.21,clear sky
552,Butzbach,DE,2022-07-22 17:27:54,50.4339,8.6712,85.48,45,99,1.7,overcast clouds
553,Eugene,US,2022-07-22 17:25:48,44.0521,-123.0867,64.02,74,100,5.01,overcast clouds
554,Ovre Ardal,NO,2022-07-22 17:27:54,61.3167,7.8,72.48,49,100,3.18,overcast clouds
555,Rudsar,IR,2022-07-22 17:27:55,37.1376,50.288,78.78,75,14,2.26,few clouds
556,Somerset,US,2022-07-22 17:25:40,40.5668,-74.5496,98.02,37,20,8.05,few clouds
557,Rantepao,ID,2022-07-22 17:27:55,-2.9701,119.8978,66.6,97,66,1.45,broken clouds
558,Talcahuano,CL,2022-07-22 17:27:56,-36.7167,-73.1167,53.28,94,100,2.3,overcast clouds
559,Jacqueville,CI,2022-07-22 17:27:56,5.2052,-4.4146,77.92,69,82,8.95,broken clouds
560,Richards Bay,ZA,2022-07-22 17:27:57,-28.783,32.0377,68.07,78,0,12.15,clear sky
561,Balao,EC,2022-07-22 17:27:57,-2.9167,-79.8167,74.43,76,98,5.68,overcast clouds
562,Nishihara,JP,2022-07-22 17:27:57,26.1842,127.7558,84.25,86,20,10.36,few clouds
563,Belyy Yar,RU,2022-07-22 17:27:58,53.6039,91.3903,64.29,77,0,13.42,clear sky
564,Erenhot,CN,2022-07-22 17:24:35,43.6475,111.9767,65.64,65,2,15.95,clear sky
565,Arraias,BR,2022-07-22 17:27:58,-12.9288,-46.9437,88.2,22,0,5.28,clear sky
566,Karaton,ID,2022-07-22 17:27:59,-6.3424,106.1045,73.51,94,89,1.61,overcast clouds
567,Madras,IN,2022-07-22 17:27:59,13.0878,80.2785,85.98,87,40,4.61,mist
568,Constitucion,CL,2022-07-22 17:28:00,-35.3333,-72.4167,59.63,74,99,8.99,overcast clouds
569,Peskovka,RU,2022-07-22 17:23:53,59.0448,52.3606,65.17,72,99,3.22,overcast clouds
570,Esmeraldas,BR,2022-07-22 17:27:38,-19.7625,-44.3139,78.91,25,3,5.08,clear sky
571,Birao,CF,2022-07-22 17:28:01,10.2849,22.7882,77.54,76,43,4.61,scattered clouds
572,Monsenhor Gil,BR,2022-07-22 17:28:01,-5.5642,-42.6078,95.34,29,41,5.14,scattered clouds
573,Libacao,PH,2022-07-22 17:28:01,10.1825,122.9158,78.15,87,91,3.15,overcast clouds
574,Alyangula,AU,2022-07-22 17:28:02,-13.8483,136.4192,63.18,68,88,7.67,overcast clouds
575,Bodden Town,KY,2022-07-22 17:28:02,19.2833,-81.25,91.4,71,40,12.66,scattered clouds
576,Arroyo,ES,2022-07-22 17:28:03,41.6096,-4.7969,94.14,21,0,8.05,clear sky
577,Koslan,RU,2022-07-22 17:28:03,63.4564,48.8989,67.05,53,59,4.9,broken clouds
578,Yekaterinovka,RU,2022-07-22 17:28:04,52.0508,44.3451,63.43,71,96,3.53,overcast clouds
579,Hadejia,NG,2022-07-22 17:28:04,12.4498,10.0444,91.02,46,92,4.41,overcast clouds
580,Jacareacanga,BR,2022-07-22 17:28:04,-6.2222,-57.7528,98.58,26,26,2.59,scattered clouds
581,Bairiki,KI,2022-07-22 17:28:05,1.3292,172.9752,80.6,83,40,5.75,scattered clouds
582,Scarborough,GB,2022-07-22 17:28:05,54.2797,-0.4044,61.93,73,100,5.01,overcast clouds
583,Acarau,BR,2022-07-22 17:28:06,-2.8856,-40.12,87.62,54,46,14.94,scattered clouds
584,Nurota,UZ,2022-07-22 17:28:06,40.5614,65.6886,93.99,12,0,9.55,clear sky
585,Sisimiut,GL,2022-07-22 17:28:07,66.9395,-53.6735,45.45,89,100,3.91,light rain
586,Issenye,TZ,2022-07-22 17:28:07,-2.0,34.3333,78.13,34,95,4.41,overcast clouds
587,Cehegin,ES,2022-07-22 17:28:07,38.0924,-1.7985,94.82,23,22,14.56,few clouds
588,Starokostyantyniv,UA,2022-07-22 17:29:08,49.7576,27.2034,74.37,58,0,6.15,clear sky
589,Port-Cartier,CA,2022-07-22 17:29:08,50.0334,-66.8654,58.75,96,100,2.44,overcast clouds
590,Jiayuguan,CN,2022-07-22 17:29:09,39.8167,98.3,76.15,17,0,7.45,clear sky
591,Itacare,BR,2022-07-22 17:29:09,-14.2775,-38.9967,76.08,74,45,9.98,scattered clouds
592,Malakal,SS,2022-07-22 17:29:09,9.5334,31.6605,80.19,69,79,4.79,broken clouds
593,Baracoa,CU,2022-07-22 17:29:10,20.3467,-74.4958,84.96,75,79,11.5,broken clouds
594,Tiquicheo,MX,2022-07-22 17:29:10,18.8833,-100.7333,85.64,63,99,1.39,overcast clouds
595,Majene,ID,2022-07-22 17:29:11,-3.5403,118.9707,78.01,87,33,10.25,scattered clouds
596,Arlit,NE,2022-07-22 17:29:11,18.7369,7.3853,105.67,11,94,6.55,overcast clouds
597,Karauli,IN,2022-07-22 17:29:11,26.5,77.0167,84.7,74,100,4.29,heavy intensity rain
598,Vayalar,IN,2022-07-22 17:28:04,9.7,76.3333,79.02,87,100,8.01,moderate rain
599,Chara,RU,2022-07-22 17:29:12,56.9064,118.2631,66.13,80,90,3.0,overcast clouds
600,Libreville,GA,2022-07-22 17:25:40,0.3925,9.4537,76.68,77,86,13.04,overcast clouds
601,Kem,RU,2022-07-22 17:29:13,64.9555,34.5793,66.38,84,100,8.57,light rain
602,Ilebo,CD,2022-07-22 17:29:13,-4.3167,20.5833,85.57,38,99,2.68,overcast clouds
603,Nakapiripirit,UG,2022-07-22 17:27:15,1.9167,34.7833,71.85,63,93,4.03,overcast clouds
604,Novoagansk,RU,2022-07-22 17:29:14,61.9449,76.6625,53.02,60,82,9.19,broken clouds
605,Tucuman,AR,2022-07-22 17:29:14,-26.8241,-65.2226,75.2,43,57,3.44,smoke
606,Guadalupe Victoria,MX,2022-07-22 17:29:14,32.2869,-115.105,105.94,25,99,8.95,overcast clouds
607,Nara,JP,2022-07-22 17:29:15,34.6851,135.8049,76.5,64,45,2.68,scattered clouds
608,Nabire,ID,2022-07-22 17:29:15,-3.3667,135.4833,74.88,92,71,3.76,broken clouds
609,Arman,RU,2022-07-22 17:29:16,59.7,150.1667,59.02,76,84,2.3,broken clouds
610,Kyshtovka,RU,2022-07-22 17:29:16,56.555,76.6271,55.71,82,50,7.43,scattered clouds
611,Sergeyevka,KZ,2022-07-22 17:29:16,53.88,67.4158,59.41,82,8,4.5,clear sky
612,Santander,ES,2022-07-22 17:29:17,43.4647,-3.8044,70.3,79,75,5.99,broken clouds
613,Asosa,ET,2022-07-22 17:29:17,10.0667,34.5333,61.77,93,87,1.74,overcast clouds
614,Elizabeth City,US,2022-07-22 17:29:18,36.2946,-76.2511,93.06,66,0,6.91,clear sky
615,Tahe,CN,2022-07-22 17:29:18,52.3333,124.7333,59.7,90,18,1.12,few clouds
616,Oranjestad,AW,2022-07-22 17:26:24,12.524,-70.027,87.75,62,40,20.71,scattered clouds
617,Herat,AF,2022-07-22 17:29:19,34.5,62.0,90.77,9,0,18.77,clear sky
618,Cap-Aux-Meules,CA,2022-07-22 17:29:19,47.3821,-61.8597,63.61,98,74,10.98,broken clouds
619,Kamyaran,IR,2022-07-22 17:29:19,34.7956,46.9355,78.93,17,0,6.6,clear sky
620,Maragogi,BR,2022-07-22 17:29:20,-9.0122,-35.2225,78.26,78,79,11.27,broken clouds
621,Ardabil,IR,2022-07-22 17:29:20,38.2498,48.2933,62.15,59,0,18.41,clear sky
622,Kahna Nau,PK,2022-07-22 17:29:21,31.3692,74.3653,84.24,84,40,6.91,smoke
623,Pottsville,US,2022-07-22 17:28:21,40.6857,-76.1955,92.23,53,0,3.0,clear sky
624,Toltestava,HU,2022-07-22 17:29:21,47.6261,17.7338,95.27,29,0,9.22,clear sky
625,Ivanovka,KG,2022-07-22 17:29:22,42.8878,75.085,82.08,17,0,3.83,clear sky
626,Sarakhs,IR,2022-07-22 17:29:22,36.5449,61.1577,96.94,21,0,4.61,clear sky
627,Nouakchott,MR,2022-07-22 17:29:22,18.0858,-15.9785,91.33,78,54,9.89,light rain
628,Vazhiny,RU,2022-07-22 17:29:23,60.9644,34.0222,71.67,59,59,4.12,broken clouds
629,Beira,MZ,2022-07-22 17:29:23,-19.8436,34.8389,69.89,88,40,5.75,scattered clouds
630,Nyagan,RU,2022-07-22 17:28:02,62.1406,65.3936,48.88,66,36,6.46,scattered clouds
631,Te Anau,NZ,2022-07-22 17:29:24,-45.4167,167.7167,32.07,93,63,1.99,broken clouds
632,Rawson,AR,2022-07-22 17:29:24,-43.3002,-65.1023,43.65,40,99,7.09,overcast clouds
633,Bilma,NE,2022-07-22 17:29:25,18.6853,12.9164,95.95,26,66,19.08,broken clouds
634,Emmett,US,2022-07-22 17:29:25,43.8735,-116.4993,88.97,22,0,7.58,clear sky
635,Olafsvik,IS,2022-07-22 17:29:25,64.8945,-23.7142,53.24,83,99,2.15,overcast clouds
636,Antofagasta,CL,2022-07-22 17:29:26,-23.65,-70.4,60.08,72,83,7.78,broken clouds
637,Mitu,CO,2022-07-22 17:29:26,1.1983,-70.1733,75.49,94,57,2.48,broken clouds
638,Lugazi,UG,2022-07-22 17:30:27,0.3772,32.9197,64.15,73,24,2.59,few clouds
639,Aviles,ES,2022-07-22 17:26:52,43.5547,-5.9248,67.93,75,100,2.3,overcast clouds
640,Tambo Grande,PE,2022-07-22 17:30:27,-4.9269,-80.3447,84.72,40,5,6.26,clear sky
641,Bogale,MM,2022-07-22 17:30:28,16.2833,95.4,75.67,91,99,4.05,overcast clouds
642,Mysliborz,PL,2022-07-22 17:30:28,52.9238,14.8679,80.85,50,90,7.49,overcast clouds
643,Namatanai,PG,2022-07-22 17:30:28,-3.6667,152.4333,78.51,82,94,6.38,overcast clouds
644,Butler,US,2022-07-22 17:30:29,39.4501,-84.5666,91.62,62,75,12.66,broken clouds
645,Puerto Leguizamo,CO,2022-07-22 17:30:29,-0.1934,-74.7819,87.66,50,75,2.35,broken clouds
646,Pavlodar,KZ,2022-07-22 17:30:16,52.3,76.95,66.0,59,0,4.47,clear sky
647,Grand Gaube,MU,2022-07-22 17:30:30,-20.0064,57.6608,70.2,76,38,7.0,scattered clouds
648,Hovd,MN,2022-07-22 17:30:30,48.0056,91.6419,64.44,50,100,20.18,overcast clouds
649,Inuvik,CA,2022-07-22 17:30:31,68.3499,-133.7218,70.74,46,54,6.62,broken clouds
650,Port Blair,IN,2022-07-22 17:26:54,11.6667,92.75,80.76,83,100,7.74,overcast clouds
651,Quatre Cocos,MU,2022-07-22 17:30:31,-20.2078,57.7625,69.91,77,41,16.69,light rain
652,Uspenka,UA,2022-07-22 17:30:32,48.3903,39.1619,61.16,79,68,6.67,broken clouds
653,Binghamton,US,2022-07-22 17:30:32,42.0987,-75.918,88.77,46,100,8.01,overcast clouds
654,Kangaatsiaq,GL,2022-07-22 17:30:32,68.3065,-53.4641,41.74,95,100,18.52,light rain
655,Buraydah,SA,2022-07-22 17:30:14,26.326,43.975,106.25,10,21,11.45,few clouds
656,Jasper,US,2022-07-22 17:29:03,37.2001,-94.3502,98.11,36,20,4.61,few clouds
657,Rundu,NA,2022-07-22 17:30:33,-17.9333,19.7667,68.59,35,78,6.46,broken clouds
658,Lively,CA,2022-07-22 17:30:34,46.4334,-81.1498,79.02,46,35,13.35,scattered clouds
659,Chapais,CA,2022-07-22 17:30:34,49.7834,-74.8492,74.43,49,45,12.12,scattered clouds
660,Minot,US,2022-07-22 17:28:10,48.2325,-101.2963,82.62,47,0,5.75,clear sky
661,San Juan,AR,2022-07-22 17:30:35,-31.5375,-68.5364,66.97,23,3,4.43,clear sky
662,Puqi,CN,2022-07-22 17:30:35,29.7167,113.8833,82.35,76,29,3.87,scattered clouds
663,Guerrero Negro,MX,2022-07-22 17:30:36,27.9769,-114.0611,74.75,62,22,19.91,few clouds
664,Gumdag,TM,2022-07-22 17:30:36,39.2061,54.5906,80.58,65,0,13.22,clear sky
665,Ust-Charyshskaya Pristan,RU,2022-07-22 17:30:36,52.3934,83.6635,59.31,74,51,7.67,broken clouds
666,Kloulklubed,PW,2022-07-22 17:30:37,7.0419,134.2556,77.5,73,67,10.22,broken clouds
667,Bandipur,NP,2022-07-22 17:30:37,27.9333,84.4167,69.35,94,100,0.51,light rain
668,Tura,IN,2022-07-22 17:30:38,25.5198,90.2201,75.15,97,100,3.15,light rain
669,Ketchikan,US,2022-07-22 17:30:38,55.3422,-131.6461,57.67,88,100,5.75,overcast clouds
670,Muzhi,RU,2022-07-22 17:30:38,65.3667,64.6667,48.07,75,100,11.72,overcast clouds
671,Alamosa,US,2022-07-22 17:30:39,37.4695,-105.87,76.98,36,0,0.0,clear sky
672,Saint-Pierre,RE,2022-07-22 17:30:36,-21.3393,55.4781,67.91,73,0,8.05,clear sky
673,Wattegama,LK,2022-07-22 17:30:40,6.7989,81.4808,75.24,91,100,4.65,overcast clouds
674,Paka,MY,2022-07-22 17:30:40,4.6374,103.4368,78.73,94,96,0.0,overcast clouds
675,Yeppoon,AU,2022-07-22 17:30:40,-23.1333,150.7333,60.58,83,72,9.86,broken clouds
676,Pueblo Bello,CO,2022-07-22 17:30:41,8.2041,-76.526,80.73,76,100,3.53,overcast clouds
677,Lokosovo,RU,2022-07-22 17:30:41,61.1333,74.8167,50.94,69,17,6.89,few clouds
678,Oussouye,SN,2022-07-22 17:26:27,12.485,-16.5469,82.49,79,100,9.69,light rain
679,Tual,ID,2022-07-22 17:30:42,-5.6667,132.75,77.18,78,74,13.96,broken clouds
680,Lumeje,AO,2022-07-22 17:30:42,-11.55,20.7833,72.39,30,62,6.24,broken clouds
681,Tiznit,MA,2022-07-22 17:30:43,29.5833,-9.5,94.12,22,49,9.26,scattered clouds
682,Matara,LK,2022-07-22 17:30:43,5.9485,80.5353,78.24,88,100,12.82,overcast clouds
683,Panaba,MX,2022-07-22 17:30:43,21.2833,-88.2667,98.91,32,74,8.19,broken clouds
684,Los Aquijes,PE,2022-07-22 17:30:44,-14.0967,-75.6908,78.31,35,0,8.1,clear sky
685,Novoorsk,RU,2022-07-22 17:30:44,51.381,58.9813,74.05,44,15,8.43,few clouds
686,Dzilam Gonzalez,MX,2022-07-22 17:31:45,21.2833,-88.9333,95.99,41,62,6.78,broken clouds
687,Wanaka,NZ,2022-07-22 17:31:45,-44.7,169.15,22.15,92,14,2.75,few clouds
688,Marzuq,YE,2022-07-22 17:31:46,14.4,46.4667,80.33,55,13,9.17,few clouds
689,Praxedis Guerrero,MX,2022-07-22 17:31:46,31.3667,-106.0167,89.06,29,69,1.23,broken clouds
690,Gazanjyk,TM,2022-07-22 17:31:46,39.2446,55.5154,82.44,65,0,16.98,clear sky
691,Ankang,CN,2022-07-22 17:31:47,32.68,109.0172,64.98,97,47,0.87,scattered clouds
692,Le Port,RE,2022-07-22 17:31:47,-20.9373,55.2919,69.76,69,11,3.71,few clouds
693,Mehamn,NO,2022-07-22 17:31:48,71.0357,27.8492,55.35,82,75,12.66,broken clouds
694,Tecoanapa,MX,2022-07-22 17:31:48,16.5167,-98.75,86.61,67,86,6.64,overcast clouds
695,Anderson,US,2022-07-22 17:31:39,34.5334,-82.6499,94.15,67,75,8.05,broken clouds
696,Shelburne,CA,2022-07-22 17:31:49,44.0787,-80.2041,82.9,60,2,12.37,clear sky
697,Arteaga,MX,2022-07-22 17:31:50,18.4667,-102.4167,73.9,82,93,2.8,overcast clouds
698,Senador Pompeu,BR,2022-07-22 17:31:50,-5.5881,-39.3717,91.58,32,45,8.43,scattered clouds
699,Inirida,CO,2022-07-22 17:31:50,3.8653,-67.9239,84.69,66,89,3.96,overcast clouds
